,Asin,Title,Price
65,B000H8GW2A,White Flapper Beads 60&quot; - Pearl Necklace,8.39
578,B004YARDMA,The Walking Dead Split Jaw Latex Mask,12.99
446,B003BW790I,Harry Potter Deluxe Glasses,5.03
153,B000ROE4JC,Plastic Roman Costume Sword (toy),7.99
364,B0029F1WOC,Star Trek Classic Spock Ears,6.1
34,B000H3UIEI,Medieval Swords Halloween Toy Weapons,6.31
211,B000ZA50TQ,Grecian Earrings,5.93
220,B00156D0FA,Grecian Arm Cuff,6.73
412,B002PXSTI0,Glitter Sequin Costume Glove,4.95
88,B000H8KYHE,Native American Indian Pendant Necklace,7.99
241,B001AN6CCQ,"Cinderella Dress-Up Set Child, Size 4 to 6",21.87
41,B000H3VKQS,Harry Potter &amp; The Half-Blood Prince Harry Potter Golden Snitch,5.41
581,B004YARDBQ,The Walking Dead Little Girl Mouth Latex Mask,10.07
19,B000AKB3JW,Hollywood Makeup Center,10.28
508,B003XU4TG0,Harry Potter Wand Accessory (9704),4.79
432,B002SJ7N42,Child Cat Black Costume Ears Tail Bowtie Set Girls New,1.53
380,B002DZIMZ0,"Adult Arabian Dancer Costume, Ladies Standard (Up to Dress size 12)",11.14
487,B003T9XRKO,Michael Jackson Sparkle Stirrup Socks Child,5.4
495,B003TQL34E,"Foam Latex Mask, Deluxe Fonzo The Clown-Adult",31.99
28,B000GWDZH2,"Rubies Star Wars Deluxe Hooded Jedi Robe, Small",17.74
633,B0073E4XO0,Batman The Dark Knight Rises Deluxe Catwoman Goggles mask,12.75
323,B001K3DX2S,Wicked Clown Vinyl Mask,18.88
265,B001CKPZP2,Mace Windu Lightsaber Accessory,13.16
582,B004YT44SC,Katy Perry Secret Wishes Deluxe California Gurl Wig,21.88
327,B001O2Y5SQ,Super Value Family Makeup Kit,8.9
396,B002KV02Q4,Elven Ear Tips Costume Accessory,4.81
212,B0010S9836,Cleopatra Egyptian Snake (Gold) Bracelet/Armband Accessory,4.31
75,B000H8HK3K,Greek or Roman Princess Costume - Adult Std.,20.75
276,B001DEURUA,Toynk Toys - 300- Spartan Sword,14.22
575,B004UUHCNO,Lagoona Blue Wig,9.99
444,B0039KYHHK,Durashape Top Hat,6.59
473,B003KRQFC2,"Michael Jackson Costume Accessory, Sparkle Socks",9.99
235,B0018Z4F0C,Peace Pendant and Earring Set,4.88
257,B001C53HCA,Batman The Dark Knight Child Costume - Small,19.01
141,B000Q3WDC4,300 Spartan 55&quot; Spear Prop Costume,10.97
35,B000H3UITI,Toy Tommy Gun,13.27
636,B007FPPNVY,Batman The Dark Knight Rises Muscle Chest Batman Set,36.76
631,B0073E4X7W,Batman The Dark Knight Rises Three-Fourth Bane Mask,10.5
510,B003Y3A3PM,Lady Gaga Two Tone Wig,9.38
362,B0029F1WO2,Star Trek Classic Phaser Gun,9.94
304,B001GQPV10,Hot Pink Super Model Wig,10.32
573,B004UUHCFM,Frankie Stein Wig,11.03
137,B000OWD7TU,Renaissance Queen Child Costume - Large,27.99
571,B004UUDE22,Cleo de Nile Wig,12.15
14,B0006FUE7I,Leaf Clasp - Lord of the Rings,7.19
166,B000UD8XWY,Harry Potter Kids Costume Deluxe Gryffindor Robe (Child-Large Size) #882170,25.62
632,B0073E4XMW,Batman The Dark Knight Rises Batman Gauntlets Costume,10.4
225,B001655CBU,"Rubies DC Comics Teen Titans Deluxe Muscle Chest Robin Costume, Small",23.46
579,B004YARDT8,World Of Warcraft Warglaive Of Azzinoth Weapon,17.21
515,B003ZZWDYI,Michael Jackson Microphone,5.42
543,B0044U8HZM,Harry Potter Ron Weasley Wand,6.19
200,B000W4TBCW,Jungle Necklace Caveman or Prehistoric Costume Accessory,3.98
31,B000H20OMK,Adult Pirate Accessory Kit,4.74
619,B005S4AQBG,Draculaura Makeup Kit,3.99
635,B007FPPSCI,Star Wars Death Trooper Deluxe Adult Set,54.67
574,B004UUHCLG,Clawdeen Wolf Wig,10.03
533,B004308406,Parasol Lace,10.39
318,B001K38RMY,Native American Girl (Medium),11.91
17,B0009S6TJ4,Kids Darth Vader Mask,5.82
22,B000F3FMO6,Toynk Toys - Fez Hat,6.22
10,B0000AOE9O,Darth Maul Deluxe Latex Mask,21.57
228,B0017J84ME,LION MANE HAIR PIECE,13.57
81,B000H8H5U8,Girls Catwoman Costume Kit,12.15
618,B005OCTUU0,Frankie Stein Makeup Kit,5.35
251,B001B9WAKW,Mullet Wig,8.66
497,B003TQL2NG,"Character Wig, Funky Punk Blue",10.33
129,B000OBEBH8,Juliet Child Costume,27.09
334,B001QKCC0O,"Strawberry Shortcake Costume, Toddler",15.14
24,B000GEGKLI,Chiffon Bat Wings,9.57
314,B001IY4BIE,Large Clown Face Painting Makeup Set,9.99
630,B0073E4X4K,Batman Arkham City Three-Fourth Vinyl Joker Mask,13.03
237,B0019LT4BA,Rubies Costume Co Batman The Dark Knight Child Gauntlet Gloves for Batman,13.32
383,B002EVA5DA,Renaissance Queen Plus Size Costume,34.87
490,B003TQL2CW,War Axe,11.99
99,B000HAML7S,Spirit Scarecrow Makeup Effects Kit,14.53
565,B004RZKVW6,Kids Michael Jackson Wig,11.18
485,B003SG7VH8,Child Michael Jackson Glove,7.51
420,B002QKHPHS,7 Color Professional Makeup Kit Reel F/X Halloween Costume Makeup,6.95
277,B001DKBDOI,"Rubies Costume Indiana Jones Belt, Gun and Holster Accessory Set",10.25
152,B000ROE4I8,Sword Cavalier,9.92
111,B000IDAALI,Punk Zombie Child Costume Size Medium,18.46
350,B0026IL0N0,Thy Wicked Kingdom Spider Earrings (Black),6.55
393,B002KGBKNI,"Slipknot Mick Mask, One Size",22.11
161,B000SMOLDW,Rubies Native American Girl Wig with Braids,8.3
275,B001DC7LCY,Civil War Saber Swords Halloween Toy Weapons,14.42
343,B001V6DJ4Q,Fedora Child Black Hat,7.99
162,B000SP2G86,Adult Catwoman Whip,4.88
589,B0053HD20A,Pirate Bandana Head Wrap,5.92
409,B002OHDZAE,Michael Jackson Long Straight Wig and Glasses,14.59
317,B001K372QG,Faux Blk Leather Cat Ears,9.25
233,B0018TGCNQ,Kids Deluxe Indiana Jones Hat,14.18
23,B000F44C6Y,Dollar Sign Necklace,8.99
279,B001DNGJJ4,Batman Grappling Hook,7.19
171,B000UTNAMG,Charm School Witch Bracelet,8.11
89,B000H8MF62,Girls Juliet Renaissance Costume - Child Medium,37.48
281,B001DNI9MO,Batman Dark Knight Child Deluxe Joker Clown Mask,13.59
156,B000ROHSM2,Elven Cloak Leaf Clasp Costume Accessory,5.06
498,B003TQL2M2,"Character Wig, Funky Punk Pink",9.27
643,B007X7S4DS,"Drama Queens Native American Girl Costume, Large",25.99
18,B000A0X8IQ,"Excalibur Sword, Silver, One Size",8.98
391,B002IRBPLQ,Batman Brave &amp; Bold Batarang,9.26
133,B000OWBJQ8,Darth Vader Authentic Mask &amp; Helmet,97.99
470,B003KN3Q28,"Silly Safari Costume, Cutiesaurus Costume, Toddler(2 to 3 Years)",28.49
366,B002A9MAU2,Long Blonde Child Wig,10.38
646,B007XT0DNK,Wonder Woman Costume Accessory Set,10.99
471,B003KN3Q1O,"Ghostbusters Costume, Toddler Romper Costume",20.99
617,B005OCTV0E,Clawdeen Wolf Makeup Kit,6.99
363,B0029F1WI8,Watchmen Night Owl Deluxe Latex Gloves,22.17
262,B001CKBDXU,300- Deluxe King Leonidas Headpiece,22.91
386,B002FA1G5G,Geisha Asian Lady Wig,12.99
266,B001CL14X8,Star Wars Jango Fett Inflatable Jetpack,9.99
437,B002VA7XGQ,V for Vendetta Mask Costume Accessory,3.01
245,B001AZQQY8,Hooded Cloak Costume Accessory,12.82
168,B000UJDUK8,Princess Fiona Wig with Tiara and Ears,13.0
530,B0042ZWHRI,Predator Adult Costume,70.4
119,B000J2U2K2,Deluxe Padme Amidala Costume,49.86
163,B000TG75X0,Old Man Face Appliance Kit,22.82
223,B00160GPES,Luke Skywalker Lightsaber Accessory,10.82
146,B000RK2XBW,Child Storybook Girl Blonde Curly Wig w/Bow Costume,9.51
431,B002SD4NMI,Human Hair Chin Beard Goatee,16.56
622,B005STL43U,Lagoona Blue Makeup Kit,5.82
443,B0038R94EK,Grecian Coin Bracelet,7.51
216,B0012FOJ04,Devil Tail Halloween Accessory,7.24
207,B000WXS5M0,Kids Vinyl Predator Helmet Mask,14.44
106,B000HNBFEK,"Adult Miss Kitty Costume, Ladies Standard (Up to Dress size 12)",42.99
167,B000UEQV22,Adult Rasta Dreadlocks Costume Wig with Tam Hat,19.24
539,B004442Q6O,Predator Deluxe Latex Mask,48.65
312,B001I2UIV0,Fiona Wig w/Tiara &amp; Ears,10.83
596,B005537MUI,French Maid Plus Size Costume,24.06
499,B003TQL2AE,War Hammer,14.06
189,B000VLTOIC,Jamaican Rasta Wig Adult Halloween Costume Accessory,10.05
341,B001V51TMG,Phantom of the Opera Mask,5.32
464,B003IILCIK,Child Glamorous Princess Blonde Wig,10.74
178,B000V75638,Replica Freddy Krueger Glove,32.69
269,B001CRPC6W,Rubies Star Wars Supreme Edition Adult Stormtrooper Costume - X-Large | 909866,783.02
342,B001V6JGIE,Tropicalia Fruit Hat Costume Accessory,12.99
353,B0027ZD6T8,Cleopatra Egyptian Costume Headpiece Gold Beads Beaded Womens Standard,20.05
395,B002KV05KC,Deluxe Predator Mask with Detachable Faceplate Costume Accessory,50.31
336,B001TEUM3Q,300 Movie Spartan Deluxe Vinyl Helmet,12.63
139,B000PLTLNG,Monk Cross,5.14
256,B001BYH2D2,World of Warcraft Blood Elf Latex Prosthetic Kit,10.99
302,B001GMGOSS,Deluxe Joker Wig &amp; Makeup Kit,10.97
492,B003TQL33K,"Foam Latex Mask, Deluxe Fatzo The Clown",27.58
561,B004RLU260,"The Smurfs, Smurf Makeup Kit",4.99
540,B0044ADT5U,Ghostbusters Kids Costume,35.18
305,B001GTQIRI,Sexy Pink Lace Pirate Hat,11.99
134,B000OWBJZY,Child Top Hat,6.98
609,B005LLKVRA,3-piece Elvis Presley Scarf Adult Accessory,8.32
562,B004RLU2RE,Kids Stay Puft Costume,29.35
476,B003KRQFK4,Predator Child 3/4 vinyl Mask,10.68
158,B000RRYZ70,Teardrop White Petticoat - Adult Std.,11.9
164,B000U5G0Q8,"Adult Saloon Girl Costume, Ladies Standard (Up to Dress size 12)",17.49
205,B000WPNMYE,Harry Potter Deluxe Glasses,5.16
599,B0058DQ6HK,Infant Camo Tutu Costume 9 Months,17.89
173,B000UXRBKY,Child Kids Star Wars Green Yoda Costume Mask Vinyl,18.44
418,B002QK8K5Y,Gnawed Wound Latex Prosthetic Appliance,10.95
513,B003YPUIJQ,Grills,12.65
91,B000H8MONQ,Knight Kids Costume - Child Medium,19.95
335,B001RZKTA8,"Young Heroes Special Forces Child Costume with Accessories, Medium",32.86
637,B007FPPS0A,Star Wars Darth Maul Adult Vinyl Mask,7.44
349,B0026HMCYW,Male Pig Mask,10.36
26,B000GPWYGM,Lord Of Ring Elf Ears,2.33
320,B001K38SE6,Child Skeleton Gloves,3.79
250,B001B6N6WG,Deluxe Morticia Addams Wig,19.35
227,B00178GXUA,Feather Angel Wings,14.99
361,B0029F1WII,Watchmen Rorschach Deluxe Hat,19.99
130,B000OBEBO6,Ball &amp; Chain,5.06
132,B000OPPY9I,Licensed Matrix Morpheus Sunglasses Glasses Rimless Ne0,5.88
433,B002TIUT84,Miss Piggy Wig W/Nose and Ears,17.97
339,B001UL8AGY,Strawberry Shortcake Hat,8.37
545,B0045KXHBA,Lady Gaga Curly Blonde Wig,7.99
621,B005SIARAC,Fiber Optics Muscle Chest Batman Costume for Kids (size 7-8) by Rubies,30.9
222,B0015WU50M,"Harry Potter Deluxe Slytherin Robe Child Costume, Large",24.37
206,B000WXBI0Q,DELUXE Adult V for Vendetta Licensed Hat,15.26
612,B005LLLEAI,Fez Hat,8.49
50,B000H3Z74Y,Kids Clone Trooper Mask Episode 3,6.95
5,B00005LILM,Brown Caribbean Pirate Wig,10.87
278,B001DK8E04,V for Vendetta Costume Kit,38.24
30,B000H1XYVO,Black Lace Fingerless Costume Gloves - Adult Std.,7.11
73,B000H8IKQG,Gorilla Animal Costume with Muscle Chest - Adult Std.,71.69
402,B002M0B1MM,Gramps Old Man Face Latex Appliance Kit,12.47
644,B007XA1KSQ,"Star Wars, Darth Maul Complete Costume Dress Up Set",13.85
529,B0042J4QPU,Reel F/X Wolf Nose Prosthetic,8.66
544,B0044UEXAU,Red Ruby Necklace,7.29
242,B001AN1S8E,"Rubies Star Wars Darth Vader Action Suit Child, Size 8 to 10",12.39
224,B00163OWGI,Money Boa,14.53
469,B003JCYG4M,Mini Witch Hat,9.99
308,B001HSY8G6,Indiana Jones Satchel,8.33
102,B000HAO70W,Rubies Skull Pirate Sword,12.04
365,B0029F1WJ2,Watchmen Rorschach Stocking Mask,9.14
638,B007IEFU56,Secret Wishes Elastic Waist Dancing Girl Petticoat,12.99
384,B002EV55LM,Mouse Costume Accessory Set Adult Size,8.99
347,B00252VYEM,Womens Sequin Dorothy Costume Standard,28.12
614,B005MTC714,California Gurl Deluxe Wig Costume Accessory,20.5
64,B000H8FLMC,Genie Costume Lamp,6.0
585,B0052ALTQ2,Joker Kit Costume Accessory Set,16.63
282,B001DNIA9Q,Rubies - Star Wars The Clone Wars Helmet Clone Trooper Commander Cody,21.03
425,B002QKHPG4,Evil Nose Reel F/X Prosthetics for Halloween Costumes,7.21
303,B001GMNJCW,Deluxe Joker Make-Up Kit Costume Accessory,9.99
422,B002QKE1UW,Reel F/X Granny Prosthetic,9.86
203,B000W8BGG2,Kids Green Lantern Ring,5.24
415,B002Q8NUHO,Childs Policeman Halloween Costume Accessory Kit,9.0
107,B000HZV5V6,V for Vendetta Adult Deluxe Cape,15.74
185,B000VLQ3RC,Harry Potter Gryffindor Tie,8.98
123,B000LNL1BI,White Skimmer Hat,3.35
426,B002R3WVJQ,"Hellboy Full Cut Mens Adult Size Costume, Plus Size (Fits 46-52 Jacket Size)",49.99
287,B001EI4VU2,Elvira Ring - Accessories &amp; Makeup,9.79
528,B0042J45R4,Spirit Gum and Remover Costume Accessory,5.73
547,B0046IDC0C,Adult Black Velour Mini Witch Hat - Adult Std.,8.63
549,B0046ZWIRS,Yoshi from Super Mario Video Game Child Deluxe Lizard Costume (Youth Small 4-6),29.99
74,B000H8HAXA,Kids Legolas Costume - Child Large,20.41
2,B00001TPZJ,Star Wars: C3PO Child Costume - Large,28.99
236,B0019LPALS,Indiana Jones Machete Accessory,2.22
516,B004055TJI,Michael Jackson Black Military Jacket Costume Child Medium,10.0
639,B007LS8F6K,Strawberry Shortcake Costume Wig Child,11.24
283,B001DSPHKQ,Scary Mummy Haunted House Zombie Halloween Costume Mask Adult,16.98
289,B001EIP2FK,"Harry Potter Quidditch Robe, Large",19.15
524,B0041BR2RI,Flapper Flower Headpiece,4.99
478,B003L5CUA4,"Inflatable Fire Extinguisher, 19&quot; Long",9.67
76,B000H8IW7I,Zorro Deluxe Adult Cape,17.99
482,B003ODIO0I,Avatar Neytiri Deluxe Wig,10.95
580,B004YARB18,Jersey Shore Adult Snooki Wig,5.87
100,B000HAO6O4,Rubies Accessories Distressed Suede Look Pirate Boot Tops,15.99
113,B000IDC22I,Adjustable Skull Ring with Pewter Finish,5.33
559,B004RLOA2W,Green Lantern Lite Up Ring,5.48
117,B000IM3X22,Star Wars Darth Vader Halloween Costume Medium,25.79
506,B003W4L86Q,Child Yoshi Costume - Large,49.99
398,B002KV7TKQ,Lord of the Rings Queen Arwen Deluxe Adult Costume - One Size,43.82
405,B002MF88I2,Witch Hat Adult Costume Accessory,13.63
410,B002OHDZAO,Michael Jackson Long Straight Wig,13.99
357,B0028RXYFQ,Complete Makeup Kit,8.99
284,B001E6JL8G,Studded Wristband Double Halloween Accessory,5.24
292,B001EYOZES,Blue Cream Makeup,3.49
377,B002C6VKUY,Rasta Wig With Cap,18.61
32,B000H24IVI,Bubbles the Clown Costume - Standard - Chest Size 40-44,12.24
588,B0053HCUUS,Metallic Gold Witch Broom,7.5
101,B000HAO73O,Toy Cowboy Guns and Holster Set,13.99
546,B0046C2F1A,Super Mario Brothers Costume - Medium,34.29
480,B003L5CUUE,"Avatar Costume Accessory, Jake Sully Ears",9.99
527,B0042IVR5S,Demon Vampire Face Halloween Latex Prosthetic Kit,15.36
12,B00068OJ44,Harry Potter Costume Kit - Rubies,18.08
615,B005NJ8PFU,Mens Deluxe Mortal Kombat Subzero Costume STD,34.5
45,B000H3XQKQ,Jango FettTM PVC 3/4 Mask Star Wars,11.37
15,B0007TZX1K,Star Wars Costumes Darth Vader Childs Costume Kits,16.08
234,B0018Z4EXA,Leopard Headband &amp; Eyemask Set,10.24
400,B002LF9SWS,Play Costume Ninja Sais - Costume Accessories,4.11
441,B003184YGE,Astronaut NASA Child Costume,34.95
184,B000VLN0M8,Wizard of Oz Sequin Shoe Covers Adult,6.14
44,B000H3VKOK,Chewbacca 3/4 Vinyl Mask Costume Accessory,15.17
387,B002FA7IBM,Mouse Nose Toy Accessory,4.06
576,B004UUITE0,KISS - Demon Wig (Child),14.14
230,B0018858W8,"BASIC CHARACTER MUSTACHE, LIGHT BROWN [Apparel]",11.05
378,B002CV7JFY,Neo Glasses,7.99
645,B007XT0IZI,Batgirl Costume Accessory Kit Child,10.29
11,B00023JJAC,Adult Morpheus Costume,20.74
532,B00430AIYG,Gandalf Costume,31.83
295,B001F9W1HA,Kids Black Derby Hat - Child Std.,12.07
86,B000H8MDEQ,Kids Black Tricorn Hat,4.21
511,B003YB1IP8,Plush Santa Hat with Attached Beard,6.02
157,B000ROFWQQ,Princess Leia Costume Wig - One Size,9.79
182,B000VDRWVQ,Rubies Sophisticated Blonde Princess Wig,5.93
597,B00561JDLU,Bieber Fever Wig,3.99
274,B001D4VNYE,Harry Potter Broom,20.58
640,B007NZPH7G,Child Affordable Batman Mask,5.1
481,B003LRMU4I,Star Wars Jar Jar Binks Adult Mask,7.05
311,B001HYDGMM,Spare Clown Mask Costume Accessory,12.6
505,B003VWEKKK,Rockstar Guy Adult Costume,24.95
109,B000I9STT2,Kids Greaser (Medium),20.67
424,B002QKHPO6,Halloween Costumes Indian Headdress,4.62
264,B001CKOE8G,Caribbean Pirate Wench Wig,10.44
210,B000Z444GM,300- Spartan War Spear,9.4
48,B000H3Z816,Toy AK-47 Machine Gun,14.23
260,B001CJGEDU,Batman Dark Knight The Joker Gloves Adult,8.0
414,B002Q3YOB0,20s Flapper Wig (Black) Adult Accessory,8.95
306,B001GUAWFQ,"Star Wars The Clone Wars Clone Trooper Costume Battle Chest, Child Size 8 to 10",27.11
194,B000VOB2AW,"Makeup Factory for Children with Glitter, Fake Blood, Scar Wax and Black Tooth Wax",7.98
491,B003TQL28Q,Six Bladed Death,9.99
456,B003H1CQ74,Statue of Liberty Costume Child - Small,14.99
42,B000H3VHBG,Kids Darth Maul PVC Mask,7.29
259,B001CBMLOY,Deluxe The Creature from the Black Lagoon Feet Standard,24.99
313,B001IWZ626,Santa Claus Childrens Costume,20.36
421,B002QKFW8M,Nerd Glasses &amp; Pocket Protector Kit,9.26
95,B000HAO680,Zorro Adult Gauntlets,16.45
551,B0047MILUI,Black Mini Witch Hat W Flower,4.39
607,B005H3JFZ6,Girls Clawdeen Wolf Wig,11.61
583,B0051C4TKE,Adult Murloc Headpiece - Adult Std.,31.15
77,B000H8IWSC,Orange Adult Butterfly Costume,24.99
598,B0056AG1V6,Child Super Mario Gloves,6.74
601,B0058DQPLC,Witch Nose Costume Makeup,4.0
337,B001TIGGCI,DC Comics Watchmen Rorschach Deluxe Latex Mask,36.52
60,B000H69A8U,The Wizard Of Oz Glinda Wand Costume Accessory,13.59
58,B000H663CG,Adult Blue Plastic English Bobby Police Helmet Hat,9.73
348,B00265EQIY,Vampire Fiber Optic Child Costume (Small 4-6),22.42
390,B002HJOZFI,Pumpkin Mask,20.01
33,B000H3T5I8,Harry Potter Scarf,9.39
20,B000B8VIX4,Hogwarts Banner - Harry Potter Decoration,11.99
13,B0006FUB30,Gandalf Brooch,6.17
641,B007V5AHXW,Rubies Jumbo Pearlized Makeup Sticks,5.63
423,B002QKCB40,Ghoul Face Halloween Latex Prosthetic Kit,14.97
648,B007XT0ENY,Rubies DC Comics Wonder Woman Nail Art Strips,1.59
460,B003H840VM,Strawberry Shortcake Bag,9.03
199,B000W3RV3E,Harry Potter Female Death Eater Bellatrix Costume,23.56
504,B003VW7BTM,Peacock Infant Costume,16.3
280,B001DNK0Z8,Rubies Costume Company Unisex Adult Ghost of Marie Antoinette Wig,21.05
170,B000UPVN4M,Plum Pixie Toddler Fairy Costume,21.65
159,B000RWWM5W,Deluxe Harry Potter Light-Up Wand Costume Accessory,9.99
453,B003G5PLZA,Girls Pirate Hat In Pink Child,8.22
195,B000VOEQ8M,Blood Capsules,4.33
462,B003HVESSE,Ninja Headpiece,11.98
435,B002UZAOE0,Bollywood Necklace,4.38
494,B003TQL2C2,War Club,10.99
273,B001D4HS5M,Creature From Black Lagoon Hands - Adult Std.,32.34
434,B002TX2FZ4,Rubies Costume Company Unisex Adult 4 pc. Axe,8.99
239,B0019RIP8W,Batman Dark Knight Deluxe Joker Makeup Kit with Wig Costume,16.46
477,B003KRQFMM,A Nightmare on Elm Street Supreme Edition Freddy Glove,37.61
472,B003KRQFIQ,"Clash Of The Titans Movie Costume Accessory, Bubo Owl, 9-Inches Tall",13.99
602,B0058DQT04,Hillbilly Straw Hat,11.49
61,B000H69A8K,Deluxe Jedi Braid,7.99
267,B001CNPLI0,Child Scarecrow Mask,12.33
229,B001882DSK,Harry Potter Deluxe Light Up Wand Costume,7.43
501,B003TQL2FE,"Character Wig, Family Jewels",13.99
52,B000H3Z8DE,Toy M-16 Machine Gun,13.68
344,B00236ZCNO,Nose Putty,4.65
345,B0023UYITE,Rubies Reno 911 Cop Lt. Dangle Police Officer Halloween Costume | Adult Mens,21.99
249,B001B6IQQ2,Lady of Versailles Costume - Plus Size - Dress Size 14-16,42.37
217,B0013XVQAG,Creepy Skin Fx Fake Flesh,2.24
215,B0011U9NHY,Wizard of Oz - Country Farm Girl (Dorothy) Adult Thigh High Tights,5.99
623,B005UFD65Q,"Indiana Jones Child Costume Kit with Hat, Whip, Satchel and Belt with Gun and Holster",29.95
352,B0026XWTWG,Star Trek Classic Gorn Deluxe Latex Mask,34.15
183,B000VJ4MR2,Predator Helmet Child Mask,13.88
488,B003TA32S0,The Smurfs Mittens Child,6.82
358,B0028S925Q,Handcuff Earrings,9.0
272,B001D1J2ZO,Kids Anakin Gloves,6.57
135,B000OWD8HQ,Black Laced Thigh High Boot Tops - Adult Std.,13.93
594,B0053HUK28,Snow White Toddler Costume,19.45
104,B000HAPKQ2,Superman Ring,4.0
105,B000HAYQDU,Frog Prince Baby Costume - Infant,17.98
155,B000ROFZPO,Sabre Tooth Nose Clip,1.99
569,B004T6CI5Q,Clawed Latex Wound Kit,9.99
523,B00418W1AO,Pink Sweet Marie Antoinette Costume Wig,17.55
319,B001K38U6C,Black 4 inch Vinyl Belt,9.17
147,B000ROC1MY,Black Bunny Tail,5.98
94,B000HAMKX8,Zorro Bullwhip with Sound (As Shown;One Size),16.46
519,B004115O6E,Cat Mask Sequin (Black;One Size),6.5
78,B000H8J2GS,Adult White Arwen Cloak,39.95
509,B003XXW69Y,Toucan Nose,3.33
329,B001O4C9AU,Red Gothic Spider Necklace,11.99
427,B002R9IRCK,Money Boa,15.99
126,B000M85KQ4,Harry Potter Hogwart Gryffindor School Sorting Hat,4.99
474,B003KRQF9U,"Clash Of The Titans Movie, Perseus Shield, 19-Inches long",16.11
531,B0043051RA,Black Mini Witch Hat Adult (Black;One Size),8.18
557,B004L7QP16,Old Woman Face Appliance Kit,28.95
466,B003IIOV60,Adult Star Wars Darth Vader Costume,29.86
429,B002R9M960,Ms. Spot Adult Cruella Deville Wig,11.5
548,B0046IGS6W,Gold Satin Mini Witch Hat,6.52
628,B006WIV04O,Monster High - Frankie Stein Wig (Child),11.99
572,B004UUHCSY,Strawberry Shortcake - Raspberry Torte Wig (Child),10.67
388,B002G3I592,Edward Scissorhands Costume Adult,38.1
461,B003HGC5B6,Chicken Nose,3.64
536,B00439VP5I,Gold Lam&eacute; Belt,10.07
438,B002XIPMKA,Flannel Santa Costume - Child Small,15.99
454,B003GNTI1U,Deluxe Black Widow Necklace - One Size,7.19
500,B003TQL25O,Tomahawk,11.99
392,B002KETL7M,Dark Lord FX Kit,13.5
512,B003YGGWZO,Disney Tinkerbell Toddler Costume,23.52
502,B003UM4U6K,Shrek Forever After - Donkey Accessory Kit (Child),6.39
590,B0053HDT6W,Elvis Bunting Costume - Newborn,14.99
401,B002LFBU0G,Toynk Toys - Orange and Black Striped Tights - Child,2.4
374,B002BKO0EE,"51670 Ugly Betty Wig, Glasses &amp; Fake Braces Teeth",11.99
507,B003WC7FDI,Pink Bunny Infant Costume,26.94
537,B0043FUKTO,Mini Black Witch Hat with Gold Flower Halloween Costume,7.31
0,B00001TQ1S,Toynk Toys - I Dream Of Jeannie Hat w/Hair,10.85
238,B0019LT4AQ,"Pirate Accessory Kit with Hat, Earring, Eye Patch, Hook Hand and Sword",10.43
209,B000YMZIYM,Smiley the Clown Costume Adult,23.99
248,B001B4RQY2,Harry Potter Costume Kit,18.23
247,B001B4RKWU,White Base Makeup,4.85
325,B001K3DSHI,Mexican Serape Poncho,22.99
66,B000H8GVXA,Caveman Club,12.35
255,B001BYBB2U,World of Warcraft Tauren Overhead Latex Mask,88.69
63,B000H8FLPE,10&quot; Long Costume Judge Gavel,9.83
221,B00156IK3W,Wizard Of Oz Dress-up Trunk Child Kit,24.62
150,B000ROE39I,Rubies Plastic Clown Nose,4.95
56,B000H663G2,Kids Race Car Driver Helmet,9.57
151,B000ROC1RO,GREEN VICTORIAN HAT,17.69
338,B001U3S4T0,"Rock Diva Wig Child, One Size, Brown",8.0
87,B000H8KT6K,Draco Malfoy Wand Costume Accessory,9.4
213,B0010YK4EW,Kids Sumo Costume - Inflatable Sumo,29.99
49,B000H3Z2TY,Star Wars Anakin Skywalker Podracer Child Mask - PVC Half Masks,9.3
321,B001K3BZ3C,Cowboy Texas Longhorn Bull Bolo Tie,5.99
96,B000HAMJLQ,Cleopatra Egyptian Snake (Silver) Bracelet/Armband Accessory,5.47
179,B000V7RHH6,Girls Deluxe Dorothy Costume - Child Large,27.97
293,B001F5AALI,Harry Potter &amp; The Half-Blood Prince Harry Potter Kit,6.0
115,B000IDABIU,Clown Shoes - Child Plastic (B459),14.14
367,B002A9T9IS,Child Charming Princess Blonde Wig,13.19
9,B0000AMA90,Star Wars - The Clone Wars Captain Rex 3-D Action Box Set Child Size 4 to 6,23.99
288,B001EIOXRS,Speed Racer Deluxe Child Costume (Medium),19.5
38,B000H3UCTO,Adult Batman Movie Mask,17.92
296,B001FBLSMW,"Uncle Rico or Big John Wig, Moustache and Goatee Set!",13.29
180,B000V7W6G8,Deluxe Afro Wig,11.95
160,B000RZJYBO,Money Boa Costume Accessory,14.99
177,B000V6JEIC,Kids Green Lantern Flashing Ring,5.18
125,B000LTQGRG,Pretty Witch Light Up Child Halloween Costume Size 4-6 Small,29.02
136,B000OWEQ86,Zorro Child Hat,7.52
124,B000LTLD5Q,SPECIAL FORCES SZ L,24.1
440,B0030KEPBW,"Fashion Wig, Purple Starlet",15.49
558,B004LL5KUY,Purple Hidden Face Mask,8.8
122,B000LNGBQI,Colonial Mob Cap Costume Accessory,8.59
121,B000LNG5TQ,Broadway Clacker Prop,12.25
261,B001CJT8F6,Mommy to Be Baker Adult Maternity Halloween Costume Size Standard,19.03
556,B004IYQVQG,Grumpy Clown Mask Costume Accessory,15.99
450,B003DWZLB0,Mini Black and Silver Sombrero - Adult Std.,8.46
553,B004BPI12O,Harry Potter Deluxe Magical Wand,9.41
538,B0043J9IZW,Penguins Of Madagascar Penguin Skipper Costume Child Medium,22.99
555,B004HVKUYY,Adult Mens Sheik Rag Hat Headpiece Costume Accessory,7.24
112,B000IDAAXG,Liquid Tooth Blackout,5.15
176,B000V0AV3K,French Maid Costume - Medium - Dress Size 10-14,33.81
140,B000PYT8A4,Wolf Head in Basket,12.62
208,B000X4IHBM,Rubies Alien Mask,14.85
191,B000VLTOF0,Child Inflatable Clown (Standard),22.81
193,B000VO77FG,Corpse Bride Wig,12.46
496,B003TQL2B8,Maces Of Fury,10.99
174,B000UZX9AS,Rubies Betty BoopTM Garter,9.29
172,B000UW1HNC,Addams Family Morticia Wig,8.99
514,B003ZL5H9K,The Green Hornet: Kato Eye Mask,6.39
201,B000W5VVM4,Tiger - Kids Costume,19.99
489,B003TQL2AY,Warriors Blade,14.99
486,B003TA32YY,Kids Smurf Shoe Covers,11.31
467,B003IISRXI,Adult Princess Leia Headband,16.47
520,B00411AUJU,Indiana Jones - Deluxe Indiana Jones Hat Child,13.59
521,B00411HJHG,Star Wars Jedi Braid,10.58
154,B000ROFWFW,Green Poker Visor,11.31
145,B000RIAI4S,Rubies Blond Enchanted Princess Wig,10.58
144,B000R4N25Y,Black Vinyl 2 inch Belt,7.73
187,B000VLSI20,"Thy Wicked Court Wig, One Size fits Most",12.22
244,B001ATM918,The Joker Kids Gloves,5.6
468,B003IIP3BM,Strawberry Shortcake Child Wig,15.14
439,B0030CBW3O,Corey Mask Costume Accessory,35.9
285,B001EB6YOK,Straw Harvest Hat,8.95
503,B003UNUAAY,Child Super Mario Costume,18.99
82,B000H8KF7I,Gold Snake Costume Armband/Bracelet,6.94
397,B002KV7CVW,Princess Leia Toddler Costume,14.9
53,B000H3Z9F6,"Hot Pink Spicy Girl Wig, One Size fits Most",11.44
346,B0023XH848,Stunning Goddess Costume Gold Coin Necklace,13.87
567,B004T6CARW,Asian Princess Child Wig,19.31
625,B0060KFBPI,Deluxe Supergirl Costume - Large - Dress Size 14-16,44.02
408,B002NO1HFI,Black &amp; Purple Harlequin Checkered Thigh High Stockings Adult Standard,6.93
40,B000H3VLK8,Pumpkin Halloween Costumes Childs Inflatable Costume,32.32
71,B000H8HARQ,Rubies Costume Company Unisex Adult Leaf Clasp - Lord of the Rings,6.99
316,B001K38PJY,Jeweled Dagger Halloween Costume Toy Weapon,6.54
79,B000H8KNPC,Child Snow White Wig,11.98
315,B001K372A2,Costume Masks Old Man Mask Halloween Masks,20.36
419,B002QKAD5O,Hollywood Quality F/X Latex Wound Big Round Ears Prosthetics Kit,8.73
584,B005203OU6,Ghostbuster Boy Infant Costume,23.84
29,B000GYU3ZM,Dorothy Child Standard Costume,23.47
83,B000H8KQJA,Costume Accessory Gold Diamond Pimp Gangsta Bling Ring,7.28
8,B0000A92MI,Deluxe Neo Costume - Standard - Chest Size 40-44,148.5
97,B000HAMLBE,Freddy Trick Arm,15.27
92,B000HAKPAI,Parrot on My Shoulder Piece,9.99
90,B000H8MANK,Catwoman Costume Whip,5.87
7,B000069BCV,Adult Gothic Witch Costume,20.59
577,B004XAPBWA,Marvin the Martian Ray Gun,11.99
608,B005J5CI0Q,Katy Perry California Gurl Wig,26.05
84,B000H8MEBS,Beautiful Purple Butterfly Costume,32.0
4,B000051TSH,Cowboy Child Costume Size 4-6 Small,13.94
526,B0042AU8X8,Nintendo Princess Peach Deluxe Kids Costume,23.99
616,B005O25IG0,Foam Bosom Fake Boobs,10.86
186,B000VLQ7DM,Rag Doll Wig Costume Accessory,9.13
647,B007XT07VS,Purple Brain Purse Costume Handbag Child,14.99
51,B000H432X6,TEAL DIVA WIG,10.85
3,B00004U3KI,"Spirit Er Female Doctor Womens Costume, Green, Standard",17.49
165,B000U5K62W,Angel Adult Costume,16.47
39,B000H3VL4O,Black Cat Spiked Leather Choker Halloween Accessory,5.99
21,B000CBWEX8,Colonial Hose Socks,9.99
627,B0067NB6IO,Deluxe Queen Amidala Costume - Medium,46.28
25,B000GL1K16,"Beehive Wig, Blue",11.97
629,B0071IKW98,Monster High - Cleo de Nile Wig (Child),6.1
57,B000H67KNC,Durashape Derby Hats Halloween Hats White,10.29
634,B0077GYCU4,Batman: The Dark Knight Rises: Sand Pail (Black),6.23
46,B000H3Z6ZE,Sale Star Wars Darth Maul Mask - Childs Masks,9.99
566,B004S512XC,Inflatable Green Lantern Fist,7.96
148,B000ROC1J2,Vampire Fangs,2.99
59,B000H67LIG,Wizard of Oz-Glinda Wig Child,7.99
568,B004T6CGT4,Man Made Monster Face Latex Appliance Kit,11.99
564,B004RZKVY4,Strawberry Shortcake - Lemon Meringue Wig (Child),12.12
98,B000HAMK2Y,Green/Black Striped Halloween Pantyhose (B601),5.78
114,B000IDC1WO,Zorro Child Hat &amp; Mask Set,11.99
554,B004DK240M,Jonah Hex Lilah WIg for Womens Halloween Costume,15.0
85,B000H8J4SE,Kids and Toddler Cowboy Costume - Toddler,23.37
118,B000ISHOC6,Betty Boop Leg Garter,3.12
120,B000LNGCBW,Adult White Cowboy Hat,9.97
586,B0053FJMJ2,Batman Dark Knight Dopey Mask Adult,12.49
128,B000NZYCII,Ninja Foam Nunchaku,8.22
542,B0044GAUEC,Leatherface Chainsaw w/ Sound FX,29.6
541,B0044ADT5A,Michael Jackson Red Thriller Child Jacket,18.99
591,B0053HDEJY,Kermit the Frog Toddler Costume,18.99
592,B0053HTZYC,Glee Quinn Cheerleader Teen Costume,25.99
68,B000H8HGU2,Trinity Glasses Costume Accessory,6.99
535,B00437JVC4,Princess Leia Plus Size Costume,51.0
600,B0058DQBES,Darth Vader Candy Bowl Holder,33.95
142,B000Q5SVNM,Cat Mouse Tail,3.25
604,B005EPMQQC,Girls Bratz Yasmin Rocks Wig - Child Std.,15.06
143,B000QDD5MQ,Girls Dallas Cowboys Cheerleaders Costume Boot Tops - Child Std.,5.91
606,B005EPMQPI,Girls Bratz Cloe Rocks Wig - Child Std.,14.99
534,B00431VELG,Disco King Adult Costume - Adult Std.,31.5
324,B001K3DXWI,Gangster Tie Black,4.25
455,B003GZ6CKI,Kids Halloween Costumes Boy Military SWAT Costume S Boys Small (34 years),24.74
385,B002F7V5LE,Bugs Bunny PVC Face Mask,5.95
240,B001AN1SAW,"Star Wars Clone Trooper 3-D Action Suit Set, Size 4 to 6",20.93
465,B003IIMUEA,Elven Green Cloak,34.99
354,B0028K3O5I,Star Wars - The Clone Wars Commander Cody 3-D Action Box Child Size 4 to 6,27.91
351,B0026XRLCO,Star Trek Classic Mugato Deluxe Latex Mask,44.22
253,B001BPT2WK,70s Oversized Peace Symbol Necklace Accessory,1.62
459,B003H1D4VG,Red Adult Clown Shoes,9.99
340,B001UREL0W,Doctor Mirror,4.46
258,B001CBKRWW,Latex Skull Adult Mask,24.98
451,B003E64HCY,Bollywood Eyebrow and Eyelid Jewels Kit,7.38
447,B003BWCF7K,Beer Garden Girl Costume - Plus Size - Dress Size 16-20,26.44
263,B001CKL4KM,YuGiOh Costume Glove - Child Std.,4.79
445,B003BKNSDW,Rubies M&amp;M Costume Green Toddler 2-4,14.0
270,B001CSBEWM,Dora the Explorer Costume Toddler Girl - Toddler 2-4T,23.04
271,B001D1H76U,Batman The Dark Knight Rises Light-Up Ring,7.65
436,B002UZGMOQ,Jeweled Harem Earrings,8.24
430,B002SDALGU,Dino (Flintstones) Toddler Halloween Costume Size 2-4T,28.99
298,B001GA0VIO,Adult Costume Pink Pirate Hat with Feather and Ribbons,18.71
299,B001GFFAD0,Silver Bell,6.51
309,B001HYBCUK,Batman Dark Knight Happy Mask Adult - One-Size,11.17
226,B00171TLCY,Boys Native American Wig,14.06
416,B002QD9TT2,Clone Trooper Commander Fox Child Halloween Costume Size 12-14 Large,16.8
370,B002AS7AZI,Long White Gloves Adult,10.88
196,B000VXFMOU,Sharpay Child Costume HSM - Child (4-6),13.34
204,B000WK32H6,Anakin Podracer Child Small (size 4-6),7.59
219,B0013XYIEC,Dollar Bling Necklace,6.56
376,B002C2MB06,CHILD LITTLE MONKEY APE OR CHIMP HALLOWEEN MASK,6.38
190,B000VLTLEE,"Blonde Little Lady Wig, One Size fits Most",10.99
379,B002D3UZCA,Jango Fett Costume 8-10,49.99
360,B0029F1WJM,DC Comics Watchmen Silk Spectre Wig,13.96
381,B002ECMC5I,Spock Vinyl Wig with Ears,9.64
192,B000VLTMC0,Fiber Optic Light Up Afro Costume Wig,15.54
603,B0058K28AW,KISS - Starchild Latex Full Mask With Hair Adult,34.98
404,B002MA9FPW,Child PVC 1/2 Cody Mask,11.66
375,B002BSHD9U,"Ni Hao, Kai-Lan Wig",12.94
605,B005EPMQRQ,Girls Bratz Jade Rocks Wig - Child Std.,9.52
326,B001NZO55M,Girls Tinkerbell Costume - Toddler,17.99
403,B002M09FHU,PartyLand Battlestar Galactica full Cylon Mask,9.33
328,B001O4BQ9A,Plus Size Sexy Zorro Costume,48.99
330,B001O4GKIM,Spirit Reel Fx Postmortem,11.99
62,B000H6B5E2,Adult Pith Helmet,6.99
407,B002N39O40,Locutus Mask Costume Accessory,33.75
406,B002N39U8K,Legolas Costume - Standard - Chest Size 40-44,34.12
371,B002AWFWJU,Pink Child Princess Hat,7.24
6,B00005NVPK,38 inch Lady Godiva Wig Costume Accessory,17.99
67,B000H8H1HA,Clown Costume Hat with Hair,14.89
1,B00001TQ1X,Toto in the Basket,16.95
69,B000H8FLHW,Lex Luther Bald Cap,8.98
595,B0053HWJYU,Inflatable Stay Puft Marshmallow Man Adult Costume,44.99
70,B000H8HF5S,Peace Pipe Adult Accessory,6.92
593,B0053HTYSY,Glee Puck Costume - Standard - Chest Size 40-44,28.99
411,B002PA6PNO,"Rubies Costume Co Character Wig, First Lady Wig",10.82
322,B001K3C1V2,Gangster Tie White,13.18
413,B002Q3UX7O,Nite Owl Overhead Mask with Cowl Costume Accessory,18.42
331,B001PM9XAA,Astronaut Jumpsuit Child Halloween Costume Size Toddler 2T-4T,18.49
37,B000H3UDM0,Standing Rat Halloween Prop,5.52
610,B005LLKZGW,Rubies Costume Company Womens Spider Earrings,9.73
368,B002ARQY9W,Rubies Costume Company Womens The Wizard of Oz Toto In Basket,14.99
359,B0029BLJMQ,Star Trek Movie Phaser,10.05
356,B0028RXYF6,Pop Star Diva Kit with Toy Head Set and Guitar Lip Glass,9.99
355,B0028K3NYU,"Stark Trek Spock Action Costume Box Set, Child Size 4 to 6",32.78
36,B000H3UIVG,Chef Apron Adult Accessory,5.42
389,B002GK0890,"Teen Pirate Girl Costume, Teen (fits Dress sizes 2-6)",13.99
626,B0060KINHG,Super Deluxe Edward Scissorhands Costume - Standard - Chest Size 40-44,157.21
382,B002EHZ0KM,Tween Female Robin Costume-Medium,32.04
624,B005WJCZA2,Professor McGonagall Wig,14.95
43,B000H3XOFS,White Rapper,18.99
27,B000GQ2IV2,Darth Vader Trick or Treat Pail,8.78
47,B000H3UF46,Rotting Teeth,8.5
620,B005S8ARJS,Queen Amidala Costume - Medium,23.8
611,B005LLMJGG,Mini Sailor Satin Hat (White) Adult Accessory,3.3
394,B002KHS7H4,"Liquid Blood Capsules, 1 pack of 6",5.98
72,B000H8H94U,Deluxe YuGiOh Costume - Child Medium,23.73
16,B00083HIXQ,Batman Child Gloves,12.55
333,B001Q7O9DK,Reel F/X Malpractice Prosthetics,9.31
332,B001Q2MYOQ,Adult Blueberry Ice Wig,11.29
54,B000H4330I,Pop Star Dark Grey Adult Wig,14.72
55,B000H47VBK,Cow Print Cowboy Hat - Adult Std.,18.78
613,B005LX5X94,Pikachu Costume - Toddler,10.5
369,B002AS5CNA,"Star Wars Clone Wars Clone Trooper/Obi Wan Gloves, Child",8.66
642,B007V5AGUQ,Rubies Jumbo Bold and Bright Makeup Sticks,6.59
399,B002L2YFOM,Elvis Microphone,3.82
188,B000VLQ3HM,Anakin Skywalker Gauntlet Costume Accessory,11.87
297,B001FSSUPI,Indiana Jones Toy Costume Accessory Brown Leather Whip,10.97
587,B0053HD23C,Star Wars Tauntaun Inflatable Child Costume,37.75
218,B0013XYG5S,Native American Female Wig Costume Accessory,9.41
131,B000OIR4G6,Yoda 3/4 Vinyl Mask Costume Accessory,19.95
252,B001BFHA0G,Betty Boop Wig Costume Accessory,12.32
463,B003I5NL1Y,Child Basic White Cowboy Hat,6.5
138,B000OWEP00,Skull Choker,10.29
246,B001B4RI5Y,Red Base Makeup,0.66
243,B001ATBKN6,Rubies Red Black Striped Thigh Highs Socks Red Black One Size,9.4
232,B0018CNHMC,Rubies Zorro Child Accessory Set,34.94
475,B003KRQFCW,"Michael Jackson Costume Accessory, Sash",12.95
231,B0018A41FQ,Black Halloween Cream Lipstick,2.93
149,B000ROE3PC,BLACK VICTORIAN HAT [Apparel],19.98
479,B003L5CU5O,"The Last Airbender Costume Accessory, Blue Spirit Sword, 32.5&quot; Long",14.99
525,B0041MHJSY,Arabian Princess Adult Costume Set,25.47
214,B001110XVI,Rubies Harry PotterScarf,11.32
127,B000NZYD1Y,Black Indian Wig,11.85
522,B00411HJ30,Derby Child Black Hat,3.49
483,B003OF3WAI,Large Devil Horns Costume Makeup,5.91
484,B003PM42RW,FX Large Round Black Makeup,4.99
518,B004116Y4K,Harry Potter Voldemort Deluxe Mask,37.24
517,B004115IT2,Star Trek Classic Deluxe Blue Shirt Costume - X-Large - Chest Size 44-46,23.17
202,B000W6UYT4,Top Hat Child Durashape,11.88
169,B000UL1K6W,Cat in the Hat Accessory Set,20.28
493,B003TQL27C,Tribal Death Shield,8.27
198,B000W0GYK8,The Bubble Gum Girls Rock Star Mic,5.13
197,B000VZ7TC6,High School Musical Yearbook Collection Gabriella Dress-Up &amp; Accessory Set,15.88
175,B000V070KC,Silver Glitter Hairspray Costume Accessory,6.13
373,B002AY4U7S,Daphne Costume - Medium,26.0
254,B001BXXV4M,Scooby Doo Adult,71.0
458,B003H1EMZ8,Star Wars Jedi Knight Child Costume Small,33.59
417,B002QK30WM,Super Mario Bros - Child Costume - Boy Small 4-6X,31.6
108,B000I92MEK,Rubies Neighborhood Klownz Punkd Child 3/4 Mask,13.07
80,B000H8KN34,Rainbow Country Clown Costume Hat with Hair,8.93
310,B001HY8HB2,Rubber Barney Rubble Mask,25.28
307,B001HKJPXU,Star Wars Clone Wars Clone Trooper Leader Rex 2 piece Helmet,25.46
301,B001GIU6KE,Cow Bell Halloween Costume Accessories,4.0
300,B001GGP2P0,Halloween Costume Accessories Adult Wigs Mens Blonde Surfer Skateboarder Shag Dude Party Wig,8.86
181,B000VDFRN6,Native American Indian Male Wig Unisize Accessory,8.35
428,B002R9KEO4,Star Trek Spock Wig,12.99
93,B000HAMJNY,Super Turkey Feather Boas 6 ft. Black,14.92
294,B001F9PDFC,Monk Wig Costume Accessory,7.99
291,B001EPLFQI,Speed Racer Kids Halloween Costume Small,13.79
103,B000HAPLTI,Dragon Ninja Kama,8.99
570,B004TAPB42,Ultra Deluxe Cinderella Costume (Medium),39.99
290,B001EJ3U2Q,Tempting Fairy Wings,13.88
457,B003H1F00O,Frankenstein Kids Halloween Costume Large 12-14,26.99
286,B001EEAGMI,Rotten Fake Teeth - Halloween Costume Accessory - Or Gag Gift!,5.05
110,B000ID87RW,Princess Costume Star Wand - Gold or Silver,1.59
563,B004RZGCWY,Oompa Loompa Kids Costume,24.99
442,B0038IYOOO,Boys Rag Doll Wig,3.0
560,B004RLOB9E,Princess of the Seas Pirate Kids Costume,25.99
268,B001COV6B0,Air Force Fighter Pilot Costume - Small,25.91
116,B000IDD0CE,Black Ripped &amp; Torn Stockings Halloween Accessory,7.18
448,B003BWCEE4,Tom n Jerry - Tom Child Halloween Costume Toddler,10.5
449,B003BWEFGO,Tom n Jerry - Jerry Child Halloween Costume Size 8-10 Medium,25.2
552,B004BOO138,Lady Gaga Blonde Hair Bow Clip,4.76
550,B0047FW58Y,Summer Pineapple Glasses,11.3
452,B003E6859U,Barbarian Necklace,5.51
372,B002AWCEFU,Child Purple Witch Hat,13.24
