,Asin,Title,Price,SalesRank
171,B000I1D0BC,DC Comics Boys Action Trio Superhero Costume Set,26.89,1532
1312,B0077GSZLG,The Dark Knight Rises Batman Child Costume Kit,9.2,3718
478,B001DNK0HQ,Star Wars Clone Wars Ahsoka Lightsaber,11.99,4226
649,B0029F1X0A,Star Trek The Next Generation Deluxe Shirt Costume,21.66,4234
59,B000H1Y0V2,Kids Cop Belt,13.16,4965
644,B0029F1WOC,Star Trek Classic Spock Ears,6.1,5708
255,B000U5KAJQ,Harry Potter Accessories Kit,7.8,6448
828,B0038IULDC,Rubies Costume Co Purple Super Model Costume Wig,5.99,7101
352,B000YSHA42,Rubies Costume Characters Old Lady / Mrs. Santa Wig,10.99,7625
574,B001O2Y5SQ,Super Value Family Makeup Kit,8.9,8605
254,B000U5G02M,Hedwig Accessory,10.92,9881
74,B000H3T5HO,Silver Tin Man Axe,5.91,10128
361,B000ZQ667A,Star Wars Darth Vader Deluxe Adult Full Face Mask,32.65,10133
568,B001LK2X8A,Batman The Dark Knight Adult Batman Full Overhead Latex Mask,21.42,10351
90,B000H43358,Harry Potter Sorting Hat,20.99,10791
232,B000PY8B7U,Toddler Wonder Woman,17.46,11644
28,B0009S6TJY,Star Wars Darth Vader Gloves,10.53,11879
251,B000THHBBU,DC Comics Secret Wishes Batgirl Plus Size Costume,37.38,11891
466,B001DBLLSA,Dragon Ninja Weapon Set,14.99,12100
621,B0027WK1V2,Star Trek Movie Shirt Costume,20.91,12336
620,B0027WO8CA,Star Trek Movie Shirt Costume,18.49,12336
618,B0027WH4YO,Star Trek Movie Shirt Costume,20.91,12336
617,B0027WH52K,Star Trek Movie Shirt Costume,20.91,12336
622,B0027WSAG0,Star Trek Movie Shirt Costume,26.84,12336
230,B000PY2QWG,Harry Potter Adult Robe,24.21,12598
148,B000HANU8W,Rubies Pirate Feathered Parrot w/Shoulder Elastic,9.87,14354
572,B001N1C8ZA,DC Comics Superman Baby Bunting Costume,10.68,14501
1146,B004RZKVW6,Kids Michael Jackson Wig,11.18,15955
63,B000H1Y1WK,Adult Captain Cutthroat Pirate Costume,40.68,17085
879,B003KRQFNG,Nightmare On Elm Street Deluxe Freddy Krueger Glove,10.49,17713
1306,B0077GSZM0,Child Batman Full Mask,13.76,17796
1041,B0042CAG6K,Groovy Peace Sign Hippie Headband,7.62,17967
636,B0029F1WO2,Star Trek Classic Phaser Gun,9.94,18246
1070,B0043FVKWA,Mini Black and White Striped Mini Top Hat - Adult Std.,10.01,18336
666,B002AKYMRA,Secret Wishes Plus Size Red Riding Hood Costume,28.81,19154
406,B0019LT4BU,Anakin Lightsaber,10.84,19640
1350,B007K6DAG8,Super Mario Brothers Deluxe Gloves,9.93,19671
226,B000P5L5N6,Ghostbusters Costume With Inflatable Backpack,28.22,20032
31,B000AKB3JW,Hollywood Makeup Center,10.28,20192
387,B0018A7522,Ladies Studded Costume Choker - Adult Std.,5.69,20621
587,B001QTNXCG,Star Trek Classic Deluxe Dress in Red Costume,33.07,20740
1130,B004RB37KS,Ghostbusters Inflatable Stay Puft Marshmallow Man Costume,42.03,20746
1300,B0073E54KW,Batman The Dark Knight Rises Batman Belt,10.4,21415
761,B002OHDZAE,Michael Jackson Long Straight Wig and Glasses,14.59,21531
749,B002MI0TJA,Super Mario Brothers Deluxe Luigi Costume,25.73,21566
750,B002MI0TIG,Super Mario Brothers Deluxe Luigi Costume,18.0,21566
1182,B004YT44SC,Katy Perry Secret Wishes Deluxe California Gurl Wig,21.88,22342
1184,B004YT4BVC,Katy Perry Secret Wishes Deluxe California Gurl Wig,21.88,22342
1183,B004YT4CLQ,Katy Perry Secret Wishes Deluxe California Gurl Wig,20.54,22342
920,B003O68Q0S,Harry Potter Adult Deluxe  Robe Costume,29.74,22354
596,B001VC4SAE,Deluxe Clone Trooper Blaster,15.99,22708
773,B002PXSTI0,Glitter Sequin Costume Glove,4.95,22968
802,B002RFVWSU,Kiss Wig,15.99,23220
548,B001IY4BIE,Large Clown Face Painting Makeup Set,9.99,23601
462,B001D1FU32,Batman Batarangs and Safety Light,7.19,23665
44,B000F44BY2,Moustache Beard 8&quot;,7.95,23715
227,B000PC0TWM,DC Comics Wonder Woman Plus Size Adult Costume,39.58,23910
1324,B007FPPZRG,Lady Gaga Jeweled Glass,8.99,24840
1304,B0077GSZMK,Rubies Batman Accessory Kit,11.45,24905
969,B003TQL2NG,"Character Wig, Funky Punk Blue",10.33,25380
672,B002AWEQ5G,Batman Brave &amp; Bold Grappling Hook,5.84,26112
559,B001K3DX2S,Wicked Clown Vinyl Mask,18.88,26186
1293,B0073E4X7W,Batman The Dark Knight Rises Three-Fourth Bane Mask,10.5,26424
1299,B0073E5308,Batman The Dark Knight Rises Three-Fourth Bane Mask,10.5,26424
1237,B0058DQR1A,The Smurfs Smurfette Wig,13.99,26449
37,B000CBUHW8,Adult Colonial Jabot &amp; Cuffs,9.91,26488
539,B001HBQGS6,Costume Wig Cap,4.99,26820
595,B001V6JGIE,Tropicalia Fruit Hat Costume Accessory,12.99,27239
584,B001QGMR5I,Elvis Now Wig,12.54,27317
36,B000B920UI,Friday The 13th Jason Voorhees Deluxe Eva Hockey Mask,7.84,27599
1171,B004YARDBQ,The Walking Dead Little Girl Mouth Latex Mask,10.07,27648
1166,B004YAROGU,The Walking Dead Little Girl Mouth Latex Mask,10.07,27648
1303,B0077GYCT0,Batman Grappling Hook Costume Accessory,7.99,27729
418,B001AN6CCQ,"Cinderella Dress-Up Set Child, Size 4 to 6",21.87,28570
456,B001CKPZP2,Mace Windu Lightsaber Accessory,13.16,28602
394,B0018TIEG4,Indiana Jones and the Kingdom of the Crystal Skull Adult Hat and Whip Set,16.99,28712
825,B002ZFXQIG,Yellow Disco Shirt,24.46,28729
16,B0000AOEA4,Inflatable Sumo Costume with Battery Operated Fan,25.92,29180
315,B000VZ5SFQ,Nerd Wig,8.47,29484
891,B003L5CUAE,Shrek Hands Costume,25.99,29490
655,B0029F1X6E,Star Trek The Next Generation Deluxe Jumpsuit Costume,27.13,30429
648,B0029F1X46,Star Trek The Next Generation Deluxe Jumpsuit Costume,36.64,30429
646,B0029F1X3W,Star Trek The Next Generation Deluxe Jumpsuit Costume,36.64,30429
652,B0029F1X50,Star Trek The Next Generation Deluxe Jumpsuit Costume,31.3,30429
653,B0029F1X5K,Star Trek The Next Generation Deluxe Jumpsuit Costume,35.7,30429
654,B0029F1X4G,Star Trek The Next Generation Deluxe Jumpsuit Costume,45.56,30429
642,B0029F1WYC,Star Trek Movie Spock Ears,4.51,30632
189,B000JLK1EU,Lord Of The Rings Gandalf Beard And Set Wig,17.99,30928
496,B001E6JL8G,Studded Wristband Double Halloween Accessory,5.24,31294
266,B000UTNAMG,Charm School Witch Bracelet,8.11,31323
964,B003TQL2SQ,Black Rock Star Wig,11.22,31852
934,B003P4DUV4,Lady Gaga Straight Hair Wig With Bangs,9.31,31895
770,B002PL61VO,Deluxe Luigi Hat Adult,14.99,31998
369,B0014M0B98,"Character Beard, Conservative Straight Gray Beard",16.13,32086
1346,B007IEG6ZY,Secret Wishes Short Tutu,12.49,32562
507,B001F5DJ2K,Harry Potter Scarf,8.16,33013
1000,B003Y3A3PM,Lady Gaga Two Tone Wig,9.38,33022
995,B003Y3A3PC,Lady Gaga Two Tone Wig,9.38,33022
205,B000LNJ0QG,Rubies Uncle Sam Stove Pipe Top Hat,7.46,33161
725,B002KGBKNI,"Slipknot Mick Mask, One Size",22.11,33492
999,B003Y3A3H0,Lady Gaga Glasses,8.18,33581
537,B001HBBFIC,Deluxe Han Solo Blaster,11.75,34097
1281,B005SIARAC,Fiber Optics Muscle Chest Batman Costume for Kids (size 7-8) by Rubies,30.9,34656
1138,B004RLU260,"The Smurfs, Smurf Makeup Kit",4.99,34827
778,B002QDJDXY,Batman The Brave And The Bold Baby Bunting Costume,11.88,34997
626,B002869QFE,300- Immortal Vacuform Mask with Hood,9.9,35205
405,B0019LT4A6,The Dark Knight Batman Deluxe Muscle Chest Costume,30.85,35295
816,B002UJLJEA,Wonder Woman Wig,27.13,35619
78,B000H3UJTC,Texas Chainsaw Massacre Leather Face Mask,17.99,35904
1282,B005STL43U,Lagoona Blue Makeup Kit,5.82,36052
106,B000H8FLMC,Genie Costume Lamp,6.0,36119
1134,B004RLU1O8,Kiss Makeup Kit,5.49,36875
215,B000LY49OS,Star Wars Supreme Edition Chewbacca Mask,63.33,37987
259,B000UEQV22,Adult Rasta Dreadlocks Costume Wig with Tam Hat,19.24,38089
824,B002YDL3O8,Batman The Brave And The Bold Deluxe Bib Costume,13.51,39372
531,B001GQPV0G,Glamour Magenta Wig,2.99,39591
739,B002LMK9ZG,Star Wars Deluxe Hooded Sith Robe Costume,33.82,40509
830,B0039KYHHK,Durashape Top Hat,6.59,40946
1365,B0081P7PD6,LMFAO Sexy Chain Costume Accessory,9.13,40961
419,B001AN1S8E,"Rubies Star Wars Darth Vader Action Suit Child, Size 8 to 10",12.39,41040
1363,B007XT0PRO,Monster High Draculaura Wig,12.25,41066
477,B001DNI7T4,Batman The Dark Knight Joker Deluxe Makeup Kit,9.52,41126
229,B000PU2DPU,Deluxe Carmen Miranda Hat - Adult Std.,21.0,41282
368,B0013Y3FIG,Rubies Costume Co. Deluxe Baby Bunting Peas in a Pod Costume,14.07,41665
859,B003IH5P4S,Super Size Blond Afro Wig,15.39,41938
165,B000HNF14U,Star Wars A New Hope Deluxe Princess Leia Costume,31.58,41953
1248,B005B8H73E,Thundercats Sword of Omens,13.99,42252
983,B003TQL2Z4,Blonde De Ja Vu Wig,12.51,42613
2,B00001TQ1U,I Dream Of Jeannie Bottle,7.41,43203
884,B003KRQEWS,"Friday the 13th Wall D&eacute;cor, Jason Vorhees, 13-Inches x 13-Inches",9.99,43814
728,B002KNNHC8,Friday The 13th Jason Voorhees Axe Costume Accessory,12.99,44091
996,B003Y3A3MK,Lady Gaga Curly Hair Wig,6.69,44596
667,B002ARWWNE,Napoleon D Wig Glass Kit,10.29,45092
1296,B0073E530S,Batman The Dark Knight Rises Three-Fourth Batman Mask,12.06,45955
1313,B0077GSYKI,Bane Child Mask,9.84,46022
198,B000LNGC9Y,Deluxe Viking Helmet,18.01,47152
926,B003O68PW2,"Nightmare On Elm Street, Deluxe Fedora Costume",10.14,47359
549,B001K38OJU,Nun Accessory Kit,10.52,47746
1273,B005NCIIM2,Ghostbusters Adult Inflatable Slimer Set,35.51,48023
1139,B004RLU1WU,Kiss the Starchild Wig,15.99,48584
1295,B0073E54GQ,Batman The Dark Knight Rises Batman Cape and Mask Set,14.1,48949
1262,B005LLKVRA,3-piece Elvis Presley Scarf Adult Accessory,8.32,49220
836,B003D7YPEY,Avatar Secret Wishes Neytiri Costume,29.2,49614
841,B003D87FYU,Avatar Secret Wishes Neytiri Costume,29.2,49614
840,B003D85BVE,Avatar Secret Wishes Neytiri Costume,29.2,49614
316,B000VZ9WT4,A Nightmare On Elm Street Freddy Krueger Mask,17.99,50557
146,B000HAMJV6,Red Hot Boot Tops,16.12,50654
408,B0019UBOCI,Rubies Soft Feather Angel Wings,9.16,50831
29,B000A0YPPQ,Freddy Krueger Glove,12.38,50981
1003,B003YB1IP8,Plush Santa Hat with Attached Beard,6.02,52209
561,B001K3DT18,Hillbilly Hat,11.99,52313
27,B0009HLTVS,Dalmatian Baby Costume,17.03,52426
817,B002UV4H56,Roman Leg Guards Adult,12.35,52658
597,B001VDNZ8Y,Deluxe Halo Gloves,20.0,52747
480,B001DNI938,Adult Joker Gloves,7.99,53830
1002,B003Y3A3I4,Lady Gaga Headscarf Costume,3.0,53883
360,B000ZN0AUM,Roman Arm Guards,18.05,53906
520,B001FYVWBQ,Kids Robin Gloves,9.88,54332
609,B00265AXX6,Star Wars Jabba The Hut Deluxe Inflatable Adult Costume,62.67,54459
608,B00265GT6Q,Plus Size Ghostbusters Costume With Inflatable Backpack,31.58,54895
482,B001DNK198,Halo Deluxe Master Chief Costume,516.57,55933
13,B0000A9Y6O,Kids Padme Amidala Blaster &amp; Holster,17.34,56113
411,B001A1U0TY,Batman The Dark Knight Adult Joker Latex Clown Mask,17.36,56325
614,B0027CA1S0,"Devil Horns, Tail, and Bow Tie Set",10.84,57928
988,B003VWB0OY,Plus Size Orange Prisoner Jumpsuit Costume,22.28,58480
982,B003TQL2YU,Brown De Ja Vu Wig - Adult Std.,11.24,59281
111,B000H8H3P0,Judge Wig,10.27,59710
464,B001D50QFU,Statue Of Liberty Adult Costume,21.98,59804
1268,B005MTC714,California Gurl Deluxe Wig Costume Accessory,20.5,60396
1135,B004RLU27Y,Edgar Rice Burroughs Tarzan Adult Wig,14.99,60823
1157,B004UUJVB0,Harry Potter Adult Slytherin Robe,30.25,62689
1305,B0077GT0PQ,Batman Belt Costume Accessory Child,10.99,63146
834,B003BWGR7E,Wizard Of Oz Dorothy Wig,24.42,64324
723,B002KB9O1S,Paisley Disco Shirt,17.74,65737
503,B001EILETS,Batman The Dark Knight Joker Costume,28.37,65804
363,B0011EA9IW,Rubies The Batman Gloves-Adult,13.66,66042
50,B000FPV7T8,Friday the 13th Jason Voorhees Mask and Machete Halloween Accessory Set,15.99,67289
176,B000IDABD0,Maid Thigh Highs Costume Accessory,3.8,67733
391,B0018OUZHA,Upstairs Chamber Maid - Sexy French Maid Costume - One of our Biggest Sellers,24.71,68279
1362,B007XT0GHS,The Walking Dead Tv Show Axe Costume Accessory,7.16,68652
21,B0006FUCHA,Star Wars Stormtrooper Collectors Helmet Costume,86.12,68871
1040,B0042CAEZI,Rubies Costume White Pearl Necklace - Great with Flapper Costumes,8.15,69324
243,B000ROFWQQ,Princess Leia Costume Wig - One Size,9.79,69342
79,B000H3VFK4,1/2 PVC C3PO Mask,11.28,69421
1360,B007XQ530Q,LMFAO Red Foo Wig,4.59,69483
790,B002R9INHY,Star Wars Luke Skywalker Lightsaber,22.85,69763
1214,B0056WR5UK,Babydoll Sword,7.02,69927
200,B000LNG5TQ,Broadway Clacker Prop,12.25,69936
619,B0027WKAQ8,Rubies Costume Company Unisex Adult Red Leather Choker,2.97,69968
956,B003TQL2CW,War Axe,11.99,70854
1317,B007FPPNVY,Batman The Dark Knight Rises Muscle Chest Batman Set,36.76,71275
398,B0018Z5TES,Universal Studios Silver Screen Edition Frankenstein Mask,35.03,71722
277,B000V0G8QY,Secret Wishes French Maid Costume,27.64,72293
1162,B004YARDT8,World Of Warcraft Warglaive Of Azzinoth Weapon,17.21,72312
1163,B004YARPLO,World Of Warcraft Warglaive Of Azzinoth Weapon,17.21,72312
278,B000V1WVEQ,Harry Potter Adult Voldemort Robe Costume,23.96,73209
916,B003O2S5Y4,"Shrek 3/4 Vinyl Mask, Donkey",17.49,73260
998,B003Y3A3N4,Lady Gaga Curly Hair Wig With Pink Streak,11.94,73532
1337,B007FPPW6A,Halo Universe Spartan Half-Mask,10.99,74048
207,B000LNL1BI,White Skimmer Hat,3.35,76158
929,B003ODIO1C,Avatar Jake Sully Wig,12.3,76284
386,B00187X6OG,DC Comics Deluxe Pink and Black Batgirl Bib and Cape Costume,14.99,76471
1205,B0053HUK28,Snow White Toddler Costume,19.45,76659
516,B001FRNHM0,Looney Tunes Deluxe Tweety Bird Costume,35.37,77112
258,B000U5KAW8,Princess Fiona Adult Costume,23.62,77750
1101,B0047IHVS0,Rubies Mens Adult Black Retro 60s 70s Disco Costume Shirt,34.48,77815
42,B000F2XV1S,Rubies Costumes Moustache Six Way,2.19,78122
1297,B0073E4XMW,Batman The Dark Knight Rises Batman Gauntlets Costume,10.4,78694
877,B003KRQFC2,"Michael Jackson Costume Accessory, Sparkle Socks",9.99,79356
1025,B0041BPD92,Rubies Retro 80s MC Rapper Costume Adult Gold Hammer Vest,11.62,79876
461,B001D1FUL4,Adult Billionaire Wig,12.56,79897
222,B000OBFUKA,Indian Spear,6.99,80072
393,B0018TGCO0,Indiana Jones and the Kingdom of the Crystal Skull Deluxe Adult Hat,19.49,80139
785,B002QKHPO6,Halloween Costumes Indian Headdress,4.62,81366
764,B002OHDZ9U,Michael Jackson Silver Sequined Glove,5.91,82221
650,B0029F1WIS,Rorschach Watchmen Gloves,14.99,82738
1211,B0056AG1V6,Child Super Mario Gloves,6.74,83619
1307,B0077GT0R4,Batman Batarangs &amp; Safety Light Costume Accessory Set,8.76,83705
57,B000GYW3JQ,Child Circus Clown Costume,9.06,83979
729,B002KRH23Y,Slipknot Joey Mask,22.11,84787
191,B000JPX62K,Scooby Doo Deluxe Daphne Costume,20.38,84819
1120,B004JKS8S8,Child Elf Tights,8.23,84907
105,B000H8FLPE,10&quot; Long Costume Judge Gavel,9.83,85379
377,B0017J84ME,LION MANE HAIR PIECE,13.57,85422
686,B002DZIMZ0,"Adult Arabian Dancer Costume, Ladies Standard (Up to Dress size 12)",11.14,85559
1235,B0058DR5TS,Mortal Kombat Sub Zero Adult Costume,38.99,85743
1074,B00441XQMA,Rubies Lady Pimp 70s Zebra Suit Plus Size Halloween Costume,32.82,86082
878,B003KRQFAO,Clash Of Titans Perseus Sword,13.74,86199
96,B000H46EAY,Rubies Pirate Hat w/Dredlocks,14.99,86318
1104,B0047PDDJO,Rubies Sexy Saloon Girl Adult Plus Size Halloween Costume,31.14,87265
719,B002IRLUMA,The Muppets Statler Overhead Latex Mask,29.65,88198
1021,B00412O49G,Toynk Toys - Star Wars Clone Wars Plo Koon Lightsaber,10.0,88419
51,B000GQ0LC0,Star Wars Jango Fett Collectors Edition Helmet Costume,70.08,88872
675,B002B4EAZY,The Wizard of Oz Wicked Witch Adult Costume,26.28,89485
1224,B0058D6NVO,God Of War Blades Of Chaos Costume Accessory,22.76,89648
941,B003RLO6AE,Mardi Gras Wig - Adult Std.,10.0,89840
706,B002GYMSLW,Star Wars Yoda Adult Full Latex Mask Costume,29.81,89911
424,B001AX47KK,Supergirl Adult Plus Costume,42.6,91406
397,B0018Z4EXA,Leopard Headband &amp; Eyemask Set,10.24,91528
1233,B0058DR5NO,Mortal Kombat Scorpion Adult Costume,34.69,91692
410,B001A1RWA4,Harry Potter - Quidditch Child Costume Kit,22.22,91718
751,B002MMQEQI,Reno 911 Deluxe Lt.Dangle Costume,35.02,93115
1094,B0046RXDEI,The Muppets Adult Miss Piggy Wig,13.19,93451
625,B002849ZEI,Batman Deluxe Joker Wig And Make Up Kit,15.0,93689
452,B001C8X0QA,"The Flintstones, Wilma Flinstone, Adult Plus Size Costume And Wig",29.47,94573
425,B001AX9Y3A,Flintstones Fred Fllintstone Plus Costume,39.7,94659
768,B002PA6PNO,"Rubies Costume Co Character Wig, First Lady Wig",10.82,95917
560,B001K3DSHI,Mexican Serape Poncho,22.99,96481
381,B0017QDEQS,The Flintstones Wilma Costume,25.04,96912
18,B0002ILRZW,Rubies Harry PotterKit,35.0,96966
1333,B007FPPZRQ,Lady Gaga Silver Fingerless Glove,8.95,97029
403,B0019LT4C4,Adult Cow Costume,26.31,97662
364,B0012FOJ04,Devil Tail Halloween Accessory,7.24,97997
632,B0028RXYFQ,Complete Makeup Kit,8.99,98146
993,B003XRNROS,Lady Gaga Cans Wig,4.08,98757
366,B0013O4NUA,A Nightmare On Elm Street Super Deluxe Overhead Freddy Krueger Mask,29.73,99715
547,B001IO39IC,Sassy Elf Adult Costume - Medium - Adult Costumes,15.52,101092
571,B001MUE1PC,Elvira Mistress Of The Dark Long Wig,13.99,101448
450,B001BYH2D2,World of Warcraft Blood Elf Latex Prosthetic Kit,10.99,101896
545,B001HYF17K,Batman Dark Knight - Scarecrow Adult Mask,16.78,102569
20,B00067XZC2,Looney Tunes Deluxe Sylvester The Cat Costume,53.09,102610
353,B000YSLDH2,Sexy Christmas Elf Christmas Costume - Womens Std.,26.0,103315
447,B001BYBANA,Beetlejuice 3/4 Vinyl Mask w/ Hair,11.99,103455
1027,B0041BR2RI,Flapper Flower Headpiece,4.99,103691
789,B002R9EEP4,Morticia Addams Costume,38.99,103805
172,B000I8Z9EG,Drama Queens Black Hair Bows with Skulls Halloween Accessory,9.39,103976
337,B000WX9HV8,Womens Plus Size Wonder Woman Costume,54.49,104159
33,B000AS8EXM,Star Wars Deluxe Hooded Jedi Robe Costume,29.57,104496
312,B000VPIYKM,Harry Potter Dobby Deluxe Adult Latex Mask,34.25,105003
1222,B0058D6O36,God of War Adult Kratos Mask,11.48,105155
1089,B0046C2F1A,Super Mario Brothers Costume - Medium,34.29,105589
1249,B005D2PV5E,Rubies PLUSH PIG Mask,11.9,106015
173,B000IDABCQ,Costume Accessory Pirate or Gypsy Costume Silk Eyepatch,2.89,106785
641,B0029F1WZ6,Star Trek The Next Generation Deluxe Adult Worf Latex Mask,19.95,108151
733,B002KV05KC,Deluxe Predator Mask with Detachable Faceplate Costume Accessory,50.31,108645
850,B003G5LQ1S,Basic Character Moustache,10.95,108652
142,B000HAKPAI,Parrot on My Shoulder Piece,9.99,109314
475,B001DNI7W6,Kung Fu Panda Mask Adult Accessory,7.73,110188
517,B001FRNHKC,Adult Sylvester Costume,40.65,110275
68,B000H1Y1X4,Pirates of The Seven Seas Pirate Wench - Adult Standard Costume,28.08,110835
1253,B005F0TTCU,Inspired by The Walking Dead Adult Zombie Doctor Costume,19.31,111307
763,B002OHDZA4,Michael Jackson Wig,11.98,111500
1168,B004YARK2S,Kiss The Catman Adult Wig,15.18,111556
1075,B00445UFBG,Wizard Of Oz Cowardly Lion Costume,36.86,111718
741,B002M0B1MM,Gramps Old Man Face Latex Appliance Kit,12.47,111936
1240,B0058IE2YY,The Walking Dead TV Show Adult Deluxe Decomposed Zombie Costume,33.33,112605
707,B002HGGFXG,Friday The 13th Jason Voorhees Costume Accessory Machete,1.71,112729
69,B000H22KWM,Old Time Stocking Cap - Adult Std.,9.24,114049
233,B000Q3WDFQ,300 Movie Spartan Shield,15.99,114149
928,B003O68QB2,Adult Smurf Hat,12.59,115156
970,B003TQL2M2,"Character Wig, Funky Punk Pink",9.27,115318
1246,B005AW5NQ4,Lady Gaga Side Ponytail Wig,14.98,115421
664,B002AIMED6,Batman Secret Wishes Robin Dress Costume,36.36,115523
72,B000H24HPU,Buccaneer Pirate Costume,17.29,115548
876,B003KRQFIQ,"Clash Of The Titans Movie Costume Accessory, Bubo Owl, 9-Inches Tall",13.99,116176
248,B000SMKL72,Rubies Princess FionaTiara with Ears,7.45,116293
494,B001E5RTHC,Dream Girl Auburn/ (Starlet) Wig Adult,14.85,116726
1272,B005N51BPU,Inspired by The Walking Dead Adult Zombie Nurse Costume,26.95,117213
492,B001E510OA,Batman The Dark Knight Joker Deluxe Costume,41.92,117842
756,B002NO1HFI,Black &amp; Purple Harlequin Checkered Thigh High Stockings Adult Standard,6.93,118182
948,B003T9Z3K6,The Smurfs Bunting And Headpiece Smurf Costume,5.99,118188
582,B001QFDR6C,Batman The Dark Knight Adult Joker Latex Mask With Hair,29.98,119043
769,B002PIN61K,Rubies Baby-girls Supergirl Bib Costume,11.99,119100
314,B000VZ7SS6,Teal And Black Glamour Wig - Adult Std.,9.45,119335
1039,B0042C5GAG,Lady Gaga Lightning Bolt Make Up Kit,2.27,120502
261,B000UJDUK8,Princess Fiona Wig with Tiara and Ears,13.0,121200
54,B000GY4GDC,Crypt Keeper Costume,32.19,121268
546,B001I2UIV0,Fiona Wig w/Tiara &amp; Ears,10.83,121423
192,B000JS59QI,Deluxe Nacho Libre Costume,48.99,121462
645,B0029F1WJ2,Watchmen Rorschach Stocking Mask,9.14,122453
1107,B004BPBFU4,Gomez Addams Wig and Moustache Kit,17.61,122944
935,B003P4K62K,Lady Gaga Wig Bow Clip,3.59,124163
975,B003TQL2AE,War Hammer,14.06,125295
279,B000V1YZKO,Harry Potter Adult Deluxe Death Eater Costume,35.32,125363
249,B000SP2G86,Adult Catwoman Whip,4.88,126040
390,B0018OJFB2,The Flintstones Fred Costume,32.28,126197
909,B003O2S5XK,Shrek 3/4 Vinyl Mask,11.53,126473
1069,B0043FUKTO,Mini Black Witch Hat with Gold Flower Halloween Costume,7.31,126894
460,B001D1DQA6,Adult Clone Trooper Gloves,9.0,127427
901,B003LRMU4I,Star Wars Jar Jar Binks Adult Mask,7.05,128827
497,B001E6LHY2,Latex Flesh Bald Head,3.61,129196
1330,B007FPQ1LK,The Muppets Adult The Swedish Chef Set,39.6,130170
765,B002P0IIWU,Aviator Helmet and Goggles Set,7.5,131394
1054,B0042UGQ9S,Adult Smurf Mittens,8.68,132117
885,B003KRQFDQ,Harry Potter Lantern,7.39,132216
658,B0029NJJXA,Friday The 13th Part 7 New Blood Jason Voorhees Deluxe Overhead Mask,46.12,133441
915,B003O2S7MO,Shrek Deluxe Fiona Costume,42.4,134363
444,B001BXWPU8,Vendetta Belt With 6 Daggers - Adult Std.,11.05,134476
1144,B004RZKX5G,Green Lantern Adult Gloves,9.61,138177
23,B0007TZX0Q,Star Wars Darth Vader 1/2 Mask,9.99,138311
551,B001K372QG,Faux Blk Leather Cat Ears,9.25,138355
43,B000F44C6Y,Dollar Sign Necklace,8.99,138627
1046,B0042J45R4,Spirit Gum and Remover Costume Accessory,5.73,138898
872,B003ISWKSG,Strawberry Shortcake Baby Bunting And Headpiece Costume,11.33,139034
213,B000LTNAS4,Deluxe Halo 3 Master Chief Adult Costume,42.62,139641
873,B003JCYG4M,Mini Witch Hat,9.99,140164
12,B0000A92ON,Bugs Bunny Costume,38.59,140742
927,B003O68PTA,Green Hornet Gun Costume,2.31,141068
762,B002OHDZ9A,Michael Jackson Adult Black Fedora Hat,11.61,141956
557,B001K3AYPC,Frightmares Sinderella Womens Halloween Costume,45.69,142521
512,B001F9UCLM,Adult Black Pirate Hat - Adult Std.,5.99,142850
669,B002AS5CNA,"Star Wars Clone Wars Clone Trooper/Obi Wan Gloves, Child",8.66,146165
121,B000H8IW7I,Zorro Deluxe Adult Cape,17.99,146361
1247,B005B47VYS,Hello Kitty Tutu Costume Dress,18.15,146399
345,B000XF2LMC,A Nightmare On Elm Street Freddy Krueger Costume Deluxe Overhead Mask,18.3,147376
997,B003Y3A3KW,Jersey Shore Pauly D Wig,12.79,148040
154,B000HAO73O,Toy Cowboy Guns and Holster Set,13.99,148587
919,B003O68PX6,Green Hornet Kato Hat,11.87,148623
1294,B0073E54KM,Batman The Dark Knight Rises Deluxe Catwoman Goggles mask,12.75,150492
1298,B0073E4XO0,Batman The Dark Knight Rises Deluxe Catwoman Goggles mask,12.75,150492
827,B0038IYOOO,Boys Rag Doll Wig,3.0,151017
858,B003ICTCIS,Slipknot Chris Mask,35.2,151046
671,B002AW5O66,Ariel Infant - Size: 12-18 months Costume,14.67,152348
744,B002M0F89O,Adult Elvis Cape,24.31,152350
950,B003TA0PRG,A Nightmare On Elm Street Molded Freddy Krueger Fedora,7.66,152869
677,B002BEC1VO,Deluxe Batman Muscle Chest Adult Costume,33.97,154294
630,B0028K3NQS,Batman Blue Action Suit Costume Blister Set Child,16.99,156060
1311,B0077GYCU4,Batman: The Dark Knight Rises: Sand Pail (Black),6.23,156565
959,B003TQL2J0,Evil Clown Wig - Adult Std.,16.68,156629
1,B00001U00Y,I Dream Of Jeannie Adult Costume Adult,30.99,156803
209,B000LNHLQC,Child Black Witch Wig,9.99,157143
1017,B00411JXK2,James Mask,30.88,157693
1103,B0047PAKG8,Rubies ABBA 70s Girl Disco Queen Outfit Halloween Costume,39.21,157961
890,B003L5CUA4,"Inflatable Fire Extinguisher, 19&quot; Long",9.67,158085
1349,B007IEG65E,Secret Wishes Ballerina Tutu With Satin Waistband,14.99,158494
1336,B007FPQ1NS,Mortal Kombat Deluxe Overhead Scorpion Mask,29.28,159160
771,B002PU9X5G,Dallas Cowboy Cheerleader Shakers Costume,19.71,159614
708,B002HI7TD4,Red Riding Hood Tween Costume,31.61,160688
465,B001DBDXI6,"Munsters, Lily Costume Dress",27.99,160771
1165,B004YARHPI,Green Lantern Adult Light Up Ring,5.99,160888
212,B000LTL5Y0,Flying Monkey Adult Costume,55.55,161286
467,B001DC7LCY,Civil War Saber Swords Halloween Toy Weapons,14.42,161603
1340,B007FPQ1M4,Mortal Kombat Deluxe Overhead Subzero Mask,20.45,162517
994,B003Y3A3FC,Lady Gaga Gloves,10.15,162689
1019,B00412GNDG,Badge Of Courage Pin,7.42,162878
611,B0026HMCYW,Male Pig Mask,10.36,163980
976,B003TQL25O,Tomahawk,11.99,164914
898,B003L5CU72,Pre Vizsla Sword,11.03,164966
875,B003KN3Q1O,"Ghostbusters Costume, Toddler Romper Costume",20.99,165402
874,B003KN3Q1E,"Ghostbusters Costume, Toddler Romper Costume",20.99,165402
349,B000XMI4W6,Aliens Vs Predator Deluxe Predator Costume,80.96,165753
247,B000RZJYBO,Money Boa Costume Accessory,14.99,166602
140,B000H8MK62,Womens Rapunzel Wig,11.49,166973
1194,B0052U45EU,Eurasian Traveler Wig and Moustache,8.89,167506
1347,B007IEG6W2,Secret Wishes Butterfly Costume,14.99,168155
736,B002KV3G6M,Sweeney Todd Belt &amp; Razor Kit,4.99,168363
1236,B0058DQDO6,Light Up Green Lantern Treat Pail,17.61,168765
1097,B004758ORA,Professional Tights Kelly Green - Men - X-Large,15.99,170134
296,B000VLQBTM,Star Wars Princess Leia Wig,11.53,171833
1358,B007XA1KSQ,"Star Wars, Darth Maul Complete Costume Dress Up Set",13.85,171849
882,B003KRQFGS,Harry Potter - Hermione Granger Child Wig,12.99,172345
1291,B0073E4X4K,Batman Arkham City Three-Fourth Vinyl Joker Mask,13.03,172822
438,B001BPT2WK,70s Oversized Peace Symbol Necklace Accessory,1.62,172839
1148,B004T6CARW,Asian Princess Child Wig,19.31,173368
776,B002Q3YOB0,20s Flapper Wig (Black) Adult Accessory,8.95,175428
297,B000VLTJ6E,Adult Desert Prince Costume,21.65,175660
581,B001QEKTNC,Napoleon Dynamite Pedro Costume Kit,18.45,175721
268,B000UV33EE,Shrek Cinderella Costume,24.53,176435
1323,B007FPQ2I2,Star Wars Clone Wars Deluxe Adult Ashoka Set,41.65,176548
1230,B0058DQPLC,Witch Nose Costume Makeup,4.0,177617
709,B002HIJADQ,The Muppets Deluxe Adult Kermit Overhead Latex Mask,26.69,177792
695,B002EV55LM,Mouse Costume Accessory Set Adult Size,8.99,178614
470,B001DKDTPY,Deluxe Burger King Mask,21.15,178980
404,B0019LT4BK,Batman The Dark Knight Rises Child Belt,7.99,179232
839,B003D7YL0W,Nickelodeon SpongeBob Square Pants Tunic Costume,32.98,179761
1005,B003YPUIJQ,Grills,12.65,180188
1155,B004UUHCQQ,Strawberry Shortcake Blueberry Muffin Wig,12.87,181740
446,B001BY9BWW,Beetlejuice Makeup,10.98,182861
895,B003L5CUB8,Shrek Deluxe Mask,28.43,183078
276,B000V0G8HI,Secret Wishes Plus Size Lady Justice Costume,39.25,183607
811,B002TIUT84,Miss Piggy Wig W/Nose and Ears,17.97,184329
250,B000TG75X0,Old Man Face Appliance Kit,22.82,184378
813,B002UG7Z9Q,Cave Demon Mask,23.81,185105
967,B003TQL34E,"Foam Latex Mask, Deluxe Fonzo The Clown-Adult",31.99,186332
451,B001C7I2TQ,Adult Juliet Costume - Adult,25.28,186522
1361,B007XSZVD8,Monster High Frankie Stein Wig,11.87,186538
489,B001DZD8W8,Halo 3 Gloves - Adult,12.72,186665
784,B002QKCB40,Ghoul Face Halloween Latex Prosthetic Kit,14.97,187016
347,B000XEZ32S,Deluxe Latex Alien Mask,40.82,187112
1309,B0077GYD6W,Batman The Dark Knight Rises Treat Pail,8.99,188337
77,B000H3UGCM,Friday The 13th Jason Voorhees Deluxe Overhead Mask,23.02,188374
1226,B0058DQ6HK,Infant Camo Tutu Costume 9 Months,17.89,188927
1263,B005LLMJGG,Mini Sailor Satin Hat (White) Adult Accessory,3.3,189294
87,B000H3Z9RO,"Wizard of Oz Shoe Covers, Adult",5.35,189786
801,B002RDKCC4,Slipknot Corey Mask,24.27,189941
1254,B005F0TVM8,Lady Gaga Judas Video Wig and Bandana,10.75,191129
923,B003O68PUY,Nightmare On Elm Street Miss Krueger Costume,30.51,191237
235,B000Q7MVVI,Betty Boop Betty Black Wig,9.22,192443
1225,B0058D6OLS,The Walking Dead TV Show Zombie Patient Costume with Molded Wound,11.72,193147
1095,B0046ZWIRS,Yoshi from Super Mario Video Game Child Deluxe Lizard Costume (Youth Small 4-6),29.99,194672
1011,B00411CZHK,Arwen Necklace - The Lord of the Rings,5.59,195506
1008,B004113E16,Queen Of Hearts - Womens Std.,23.69,196323
60,B000H1ZT8U,Deluxe Red Velvet Gothic Hooded Cloak Cape,23.7,196607
924,B003O68R3O,Avatar Costume Accessory Navi Bow And Arrow Set,14.99,196964
495,B001E6J0RI,Child Joker Gloves,10.8,197675
954,B003TA335C,Mens Gru Costume,24.62,198102
1176,B004YARP4G,The Walking Dead Split Jaw Latex Mask,12.99,198705
1160,B004YARDMA,The Walking Dead Split Jaw Latex Mask,12.99,198705
511,B001F9UCF8,Addams Family Secret Wishes Morticia Costume,42.32,199398
1066,B00439VP5I,Gold Lam&eacute; Belt,10.07,200271
1124,B004LY74YG,8 Inch White Beard And Mustache - Adult Std.,5.32,201027
665,B002AIGZHC,Baby Chili Pepper Bunting,17.44,201362
1088,B004646DMU,Aliens Vs Predator Costume with Requiem And Deluxe Predator Hands,24.82,201691
1100,B0047FW58Y,Summer Pineapple Glasses,11.3,201960
1318,B007FPQ0WU,Lady Gaga Sunglass with Chains,9.18,203048
952,B003TA2TCU,Super Mario Bros. - Princess Peach Adult Plus Costume,29.16,203177
32,B000AO59Q6,Colonial Shoe Buckles,7.54,203679
319,B000W3X6C4,DC Comics Secret Wishes Supergirl Plus Size Adult Costume,43.82,205185
852,B003GOT1HA,Latex Costume Accessory Large Witch Chin Prosthetic,6.69,207387
1326,B007FPQ4HG,Texas Chainsaw Massacre 3D Leatherface Adult 3/4 Mask,15.7,207560
1351,B007K8NA02,Ghostbusters Inflatable Slimer Costume Child,27.9,207621
282,B000V2277Q,Harry Potter Adult Female Death Eater Costume,23.71,208381
1287,B0068WEKHI,Flapper Wig Adult (Blonde),8.99,209001
1319,B007FPQ34K,Star Wars Bossk Hands Latex Glove,26.99,209410
370,B00156D0BE,Lime Glitter Tights - Adult Std.,5.78,209452
699,B002FCEO3U,Regal Santa Claus Christmas Hat,4.99,209628
1345,B007IEG6X6,Secret Wishes Elastic Waistband Tutu,12.14,210003
1137,B004RLU1Z2,Kiss Deluxe Adult Overhead The Demon Mask,46.28,210255
193,B000JUQE4M,Wizard Of Oz Secret Wishes Dorothy Costume,30.22,211337
530,B001GQRUIC,Sexy Super Model Wig in Purple with Black - Adult Std.,9.1,211617
818,B002UZGMOQ,Jeweled Harem Earrings,8.24,212526
514,B001FBLSMW,"Uncle Rico or Big John Wig, Moustache and Goatee Set!",13.29,212715
280,B000V1Z0NU,Harry Potter Adult Dementor Costume,35.6,213261
1353,B007LS8F6K,Strawberry Shortcake Costume Wig Child,11.24,213350
1013,B00411C0O8,The Wizard of Oz Tinman Adult Costume - Standard One-Size,35.99,213499
292,B000VKH7UK,Justice League Deluxe Bib Wonder Woman Costume,13.27,213656
132,B000H8KQJA,Costume Accessory Gold Diamond Pimp Gangsta Bling Ring,7.28,213724
881,B003KRQFCW,"Michael Jackson Costume Accessory, Sash",12.95,214350
1007,B0040555V0,Adult Deluxe Michael Jackson Billie Jean Jacket,32.58,217244
1320,B007FPPW6U,Halo Universe Arbiter Overhead Latex Mask,29.64,217304
138,B000H8MANK,Catwoman Costume Whip,5.87,218094
623,B0027WKHLQ,Star Trek Movie Shirt Costume,19.95,220117
786,B002QKHPG4,Evil Nose Reel F/X Prosthetics for Halloween Costumes,7.21,221194
734,B002KUXZQO,Dorothy Costume - Toddler,22.1,221379
981,B003TQL2FE,"Character Wig, Family Jewels",13.99,222020
474,B001DNGIJK,Secret Wishes Nasty Curves Costume,20.79,222430
324,B000WB6U42,Adult Vinyl Cartoon Character Gloves,9.29,223184
1321,B007FPQ3SQ,Star Wars Tusken Raider Deluxe Adult Overhead Latex Mask,42.99,223885
1122,B004LHT0VS,Adult White Masquerade Economy Hooded 56&quot; Cape,15.5,223989
906,B003LX4LMQ,Rubies Costume Company Unisex Adult Silver Princess Tiara Adult,9.76,224659
822,B002YDMTEQ,Wizard Of Oz Glinda Wig,21.45,224814
696,B002EV2HN6,Secret Wishes School Girl Costume,26.09,225708
1192,B0052ALTQ2,Joker Kit Costume Accessory Set,16.63,226349
1083,B0045KXHBA,Lady Gaga Curly Blonde Wig,7.99,226367
1328,B007FPQ2K0,Star Wars Clone Wars Savage Opress Adult Mask,15.88,227386
130,B000H8KV8Q,Rubies Costume Company Mens Ninja Sais,5.48,228656
202,B000LNHX1A,"Rainbow Princess Costume, Toddler",31.8,228809
663,B002A9T9U6,Goldilocks Adult Wig,9.82,229360
606,B00247SONW,New Lady Luck Plus Size Costume (Boa and Cigarette Holder not included),22.4,229832
454,B001CBMLOY,Deluxe The Creature from the Black Lagoon Feet Standard,24.99,230414
904,B003LX6N04,Mini Mexican Sombrero Hat,4.99,230758
343,B000XEVHH8,A Nightmare On Elm Street Freddy Krueger Makeup Kit,9.96,232001
661,B0029U0ZAO,Rubies Wolfman Mask,16.29,233442
302,B000VOB2AW,"Makeup Factory for Children with Glitter, Fake Blood, Scar Wax and Black Tooth Wax",7.98,233966
85,B000H3XLBU,Vinyl 3/4 Chewbacca Mask,22.01,234764
782,B002QKFW8M,Nerd Glasses &amp; Pocket Protector Kit,9.26,234837
238,B000REM3E0,Scarface Movie Costume,37.57,235497
1239,B0058IE2XK,The Walking Dead TV Show Adult Rick Grimes Costume,49.27,236125
538,B001HBL3UC,Regal Santa Suit,47.48,236940
504,B001ELNN2G,Edward Scissorhands Adult Costume Wig,6.99,237152
1322,B007FPQ3TU,Star Wars Master Yoda Deluxe Adult Overhead Latex Mask,34.53,238520
1342,B007FPQ0SE,Lady Gaga Metal Arm Cuff,13.73,239295
224,B000OWD3JY,Santa Eyebrow Stick Costume,3.38,239746
554,B001K3BZ3C,Cowboy Texas Longhorn Bull Bolo Tie,5.99,239908
1209,B005537MUI,French Maid Plus Size Costume,24.06,240281
325,B000WCW4LO,Sexy Pirate Adult Wig,10.39,241099
1256,B005GNWCV6,Lady Gaga Adult Wig,12.72,241207
893,B003L5CU4U,Pre Vizsla Jet Pack,15.99,241310
493,B001E5MOS6,V for Vendetta Belt with 6 Daggers,14.59,241577
1331,B007FPQ5AM,"Top Gun US Navy Adult Flight Suit Costume, Plus Size",54.02,241577
1274,B005NQGJ9W,Lady Gaga 2010 Video Music Awards Adult Wig,13.7,242021
1186,B00505DRBY,The Muppets Kermit Costume,37.17,242041
486,B001DNK1GG,Batman Dark Knight The Joker Child Wig,10.41,242549
1177,B004YARMXK,Super Mario Brothers Waluigi Hat And Mustache Kit,26.3,242906
15,B0000AMA90,Star Wars - The Clone Wars Captain Rex 3-D Action Box Set Child Size 4 to 6,23.99,243056
117,B000H8HK3K,Greek or Roman Princess Costume - Adult Std.,20.75,243121
220,B000NZYCII,Ninja Foam Nunchaku,8.22,243265
1301,B0077GSZ84,Girls Catwoman Wig - Child Std.,10.0,243644
889,B003KRQF1S,Smurfs Smurfette Adult Wig,14.34,243834
1131,B004RB4PS6,Glee Adult Cheerleader Costume,23.23,244274
305,B000VO93RQ,Gold Metallic Epaulettes - Adult Std.,21.92,244369
777,B002QCRMA6,Mermaid Costume,41.79,244493
487,B001DOR6VS,Bunny Teeth White,4.77,244724
720,B002JFDKCY,Bumble Bee Tights - Child,4.5,245155
1056,B0042ZD006,Adult Smurf Shoe Covers,12.24,245875
1241,B005921V2K,Adult Gothic Fairy Wings,14.26,246385
286,B000V7QVZ0,The Flintstones Bamm-Bamm Teen Costume,33.36,248240
1258,B005H3JFZ6,Girls Clawdeen Wolf Wig,11.61,248979
942,B003S3SPTO,Star Wars Darth Maul Adult Latex Mask,21.19,249186
868,B003IISRXI,Adult Princess Leia Headband,16.47,249681
1264,B005LLMJI4,Toynk Toys - Ghost Ship Pirate Hat Grey Adult,15.67,250579
1092,B0046JM5GI,Chic Long Curly Wig (black/red) Adult Accessory,17.08,251801
807,B002SHX20I,Kiss The Demon Adult Half Mask,12.82,254801
161,B000HCVMXK,Deluxe Adult Princess Fiona Costume,29.51,255423
565,B001KVICMG,Secret Wishes Long Velvet Gloves,7.63,255914
550,B001K38PJY,Jeweled Dagger Halloween Costume Toy Weapon,6.54,256261
721,B002JPJGZ4,Dog The Bounty Hunter Costume,22.37,256990
167,B000HNJGR8,Pirate Puffy Shirt Vampire Ruffle Gauze Blouse Men Halloween Purple Shirt STD-XL,22.99,257027
335,B000WSBXRE,Betty Boop Secret Wishes Costume With Wig,9.99,257842
275,B000V0AV3K,French Maid Costume - Medium - Dress Size 10-14,33.81,260512
639,B0029F1WI8,Watchmen Night Owl Deluxe Latex Gloves,22.17,260748
984,B003URDCPA,Toynk Toys - Santa Belly,10.0,260998
428,B001B6IOUU,Halo 3 Deluxe Master Chief Mask with Working Searchlights,80.75,262921
81,B000H3VLBW,Leatherface Vinyl Mask,12.92,262925
303,B000VOB2AC,Plush Chicken Mask Adult Size Deluxe,7.21,263064
505,B001EYX4GS,Batman Treat Pail,13.66,265569
1172,B004YAROJ2,The Walking Dead Screaming Corpse Latex Mask,29.56,266421
288,B000V9W292,Dobby Hands,11.17,266444
651,B0029F1WWY,Star Trek Movie Grand Heritage Spock Shirt Costume,57.55,267302
637,B0029F1WUG,Star Trek Movie Grand Heritage Spock Shirt Costume,58.88,267302
643,B0029F1WVU,Star Trek Movie Grand Heritage Spock Shirt Costume,57.2,267302
640,B0029F1WUQ,Star Trek Movie Grand Heritage Spock Shirt Costume,57.48,267302
402,B0019LT4AQ,"Pirate Accessory Kit with Hat, Earring, Eye Patch, Hook Hand and Sword",10.43,267891
634,B0029F1WII,Watchmen Rorschach Deluxe Hat,19.99,268248
698,B002FATEJ6,Newborn Football Player Costume Bunting,16.66,269338
469,B001DK8E04,V for Vendetta Costume Kit,38.24,269702
716,B002IRIFKA,The Muppets Adult Miss Piggy Overhead Latex Mask,43.13,271055
195,B000KKPD52,Wizard Of Oz Cowardly Lion Mask,15.8,273913
681,B002C00UDI,Batman: The Bold And The Brave Muscle Chest Batman Adult Plus Size Costume,45.86,273926
880,B003KRQF9U,"Clash Of The Titans Movie, Perseus Shield, 19-Inches long",16.11,273942
237,B000R93SWQ,Cat Collar Choker with Bells,2.47,275651
820,B002WGJHQS,"Biblical Joseph Costume, Adult",36.05,275734
1030,B0041JQOHE,Kids Freddy Krueger Hat,9.81,276361
133,B000H8MALW,Rubies Costume Company Womens Catwoman Accessory Kit (Adult),19.54,276667
468,B001DERGFY,300: Spartan Sword,6.8,277001
797,B002R9M960,Ms. Spot Adult Cruella Deville Wig,11.5,277210
946,B003T9TP6E,Inflatable Lollipop,8.1,278377
755,B002NNHX4S,Star Wars Princess Leia Costume,37.97,279608
374,B0016GEX9Q,Scooby-Doo Shaggy Adult Costume,25.26,280298
1252,B005F0U0WI,Marvin The Martian Deluxe Overhead Mask,31.37,280753
46,B000F4RAAE,Catwoman Accessory Kit (Adult),11.99,281992
856,B003HEXKMQ,Adult Blue Yacht Hat - Adult Std.,9.19,282243
221,B000OBB92I,Adult Wednesday Addams Costume,21.11,283595
930,B003ODIO08,Avatar Neytiri Deluxe Wig,10.95,283654
931,B003ODIO0I,Avatar Neytiri Deluxe Wig,10.95,283654
459,B001CSBEWM,Dora the Explorer Costume Toddler Girl - Toddler 2-4T,23.04,284978
26,B0009HLTW2,Lil Bat Infant Costume,19.67,285021
1200,B0053HD2B4,Star Wars Adult Inflatable Tauntaun Costume,42.12,285108
534,B001GX9XSA,Mouse Ears On Clips,7.5,285866
110,B000H8GVXA,Caveman Club,12.35,287127
1348,B007IEG85M,Secret Wishes Elastic Waist Dancing Girl Petticoat,12.99,287827
1344,B007IEFU56,Secret Wishes Elastic Waist Dancing Girl Petticoat,12.99,287827
362,B001167MM6,Rubies Dlx Ninja Accessory Blister Kit,12.11,288361
575,B001PL55JO,Newborn Mermaid Costume,16.68,289058
336,B000WXBI0Q,DELUXE Adult V for Vendetta Licensed Hat,15.26,289162
1334,B007FPQ2JQ,Snow White and The Huntsman Adult Ravenna Wig,13.93,289387
1228,B0058DQ5O4,Rubies Infant Baby Girls Blue Flower Fairy Tutu Halloween Costume,11.99,290343
780,B002QKAD5O,Hollywood Quality F/X Latex Wound Big Round Ears Prosthetics Kit,8.73,292437
1325,B007FPQ25U,Rihanna Adult Short Wig,11.28,296006
1154,B004UUHCSY,Strawberry Shortcake - Raspberry Torte Wig (Child),10.67,297452
1125,B004NXZ8Q6,Pretty Flower Headband w/ Tulle,8.44,297960
434,B001B6N6R6,Addams Family Deluxe Wednesday Wig,19.45,297982
1128,B004QM8QIG,Archie Comics Overhead Latex Mask,15.99,298367
779,B002QIUFY0,Rasta Imposta Teletubbies Dipsy,33.88,298835
429,B001B6IOZU,Edward Scissorhands Costume,110.94,301122
481,B001DNK02G,Rubie?s Costume Co Wizard Of Oz Secret Wishes Cowardly Lioness Costume,18.65,301165
263,B000UL1K6W,Cat in the Hat Accessory Set,20.28,303700
1314,B007FPPU4Y,Batman The Dark Knight Rises Two Face Overhead Latex Mask,29.91,304176
1269,B005N516AA,Star Wars Adult Supreme Edition Imperial Guard Helmet Costume,196.71,304306
234,B000Q5SVNM,Cat Mouse Tail,3.25,304685
346,B000XF10V0,Superman Deluxe Bib Costume,14.98,305254
1261,B005L9DB2E,Gypsy Jewelry Set,9.09,305293
231,B000PY6H8A,Edward Scissor Hands Makeup Kit,6.75,305614
540,B001HDFR98,"Spirit Sweeney Todd Wig, One Size Fits Most",9.45,305716
306,B000VOCOOU,Texas Chainsaw Massacre Leatherface Costume,19.49,305868
831,B0039SX4NU,Ghostbusters Deluxe Jumpsuit Costume,50.44,306710
1169,B004YARE9M,DC Comics Justice League Arkham Asylum Joker Kit,13.62,309559
1109,B004C6BHM8,Friday The 13th Secret Wishes Full Figure Miss Voorhees Costume,40.4,311204
726,B002KHS7H4,"Liquid Blood Capsules, 1 pack of 6",5.98,311231
1012,B00411CWUU,Gollum Mask- Lord Of The Rings,28.58,311437
693,B002EVA5DA,Renaissance Queen Plus Size Costume,34.87,312000
422,B001ATBKN6,Rubies Red Black Striped Thigh Highs Socks Red Black One Size,9.4,312736
712,B002I993EA,Friday the 13th Jason Mask &amp; Machete Set,15.01,313123
883,B003KRQFPO,Freddy Krueger Teen Fedora,7.83,313489
992,B003XRMLM2,Lady Gaga Lightning Bolt,3.95,314559
1212,B0056WR5O6,The Walking Dead TV Show Adult Little Girl Zombie Costume,28.22,314731
295,B000VLO8T2,50s Soda Pop Girl Costume,24.75,314805
274,B000UZX9AS,Rubies Betty BoopTM Garter,9.29,314882
1174,B004YAROHY,The Walking Dead Little Girl Latex Mask,33.72,315960
683,B002CP0OLG,Watchmen Rorschach Hat,15.27,316119
197,B000LNGCBW,Adult White Cowboy Hat,9.97,316207
506,B001EZ7JA4,Witch King Mask,39.17,316613
448,B001BYD5I8,Rubies Costume Company Unisex Adult World of Warcraft - Lionheart Executioner Weapon,17.37,316861
887,B003KRQFU4,Freddy Krueger Teen Costume (Small),26.77,317117
973,B003TQL2UO,Pink Poodle Wig - Adult Std.,18.99,317577
311,B000VPG3E6,Star Wars Adult C-3Po Costume,46.99,317850
1220,B0057ZAIL4,Charlie Sheen Wig,11.03,319069
624,B0027ZD6T8,Cleopatra Egyptian Costume Headpiece Gold Beads Beaded Womens Standard,20.05,319656
260,B000UH6OG2,Harry Potter Voldemort Deluxe Adult Latex Mask,23.35,319760
317,B000W3RV3E,Harry Potter Female Death Eater Bellatrix Costume,23.56,320176
1277,B005O25IG0,Foam Bosom Fake Boobs,10.86,320226
73,B000H3RFQC,Light-Up Musical Glinda Wand,12.87,320872
1145,B004RZKVY4,Strawberry Shortcake - Lemon Meringue Wig (Child),12.12,321303
990,B003WC85WS,Ghostbusters Deluxe Plus Size Jumpsuit Costume,39.16,321374
1018,B00411VT0Y,Shrek Forever After - Fiona Plus Adult Costume,31.44,321782
700,B002FOATE6,Wizard Of Oz Deluxe Mayor of Munchkin Land Adult Costume - Standard (One-Size),53.06,322105
631,B0028RXYF6,Pop Star Diva Kit with Toy Head Set and Guitar Lip Glass,9.99,322537
283,B000V6JEIC,Kids Green Lantern Flashing Ring,5.18,323065
240,B000ROE4NS,Universal Studios Classics Collection Frankenstein Costume,42.42,323184
1175,B004YARO74,The Walking Dead Decayed Zombie Latex Mask,34.86,323364
911,B003O2S69S,Super Mario Brothers Deluxe Mario Costume,34.4,323808
1053,B0042UD1QO,Black Mini Cowgirl Hat,7.05,324711
1149,B004T6C95U,Skull Hair Clip Barrette,5.99,325195
886,B003KRQFEK,Rubies Costume Company Mens Harry Potter Scar &amp; Makeup Kit,9.95,327045
246,B000RWWM5W,Deluxe Harry Potter Light-Up Wand Costume Accessory,9.99,327743
1190,B0051HAR3M,Rubies Costume Company Mens Star Wars The Clone Wars - Pre Vizsla Gun,11.8,328952
1343,B007G2ED6M,Star Wars Adult Darth Vader Set,49.69,329875
1359,B007XQ53XS,LMFAO Adult Skyblue Wig,4.59,330743
558,B001K3DUWG,"Deluxe Reversible Satin Cape, 45-Inches",16.99,332290
204,B000LNGBQI,Colonial Mob Cap Costume Accessory,8.59,333105
257,B000U5I3AY,Harry Potter Albus Dumbledore Deluxe Adult Latex Mask,45.62,333587
86,B000H3XL88,Emperor Palpatine Star Wars Mask,15.38,334216
409,B001A1Q3XG,Indiana Jones Adult Hat,10.99,334357
710,B002HP7W4I,Card Dealer Adult Costume,31.32,334837
1283,B005UEAK10,Inspired By The Walking Dead Deluxe Step-by-Step Make Up Kit,17.63,335187
400,B0019K8AAC,Star Wars Battle Chest Jedi &amp; Sith Darth Vader Costume Set Child,37.14,337582
458,B001CRPEK6,The Flintstones Pebbles Teen Costume,25.26,338421
940,B003RLKK5O,Blonde Princess Wig - Adult Std.,18.99,338878
328,B000WKZ1XO,Scooby-Doo Bunting Costume,13.01,339031
847,B003EW25SG,Native American Plus Size Costume - Womens Full 16-22,36.01,339471
917,B003O2S6BG,Super Mario Brothers Deluxe Princess Peach Costume,44.99,339678
1308,B0077GSZ6Q,Batman &amp; Bane Action Duo Costume Box Set Child,11.54,340383
921,B003O68QDU,WWE Adult Rowdy Roddy Piper Costume,32.79,341016
287,B000V7Y6VG,Madame Butterfly Plus Size Costume,24.84,342388
1055,B0042Z3P2Y,Lady Gaga Bow Clip Costume Accessory,9.44,343193
1123,B004LL5KUY,Purple Hidden Face Mask,8.8,344007
823,B002YDMTE6,Light Up Indiana Jones Crystal Skull,21.1,344557
979,B003TQL2TA,Red Rock Star Wig,14.47,346624
1339,B007FPQ368,Star Wars Darth Maul Deluxe Adult Overhead Latex Mask,39.14,346855
307,B000VOCOPE,Rubies &quot;Tiger&quot; Accessory Kit,8.05,347451
35,B000B8X16Q,Aliens Vs Predator Requiem Costume with Deluxe Overhead Predator Mask,52.57,348925
965,B003TQL2C2,War Club,10.99,350087
925,B003O68QCG,"Smurf Adult 3/4 Mask, Papa",15.43,351316
590,B001RZIV3A,Muscle Chest Ninja Warrior Childrens Costume,14.55,351441
1302,B0077GSYOY,Batman Action Suit Jumpsuit Blister Costume Kit Child,19.92,351451
1178,B004YARI6G,Jersey Shore Adult Jwoww Wig,14.61,351732
1180,B004YARB0Y,Jersey Shore Adult Jwoww Wig,14.61,351732
1218,B0057MA60U,The Walking Dead TV Show Teen Rick Grimes Costume,39.04,351956
1223,B0058D5GKI,Katy Perry Secret Wishes Adult Deluxe Wig,6.27,352649
131,B000H8KF7I,Gold Snake Costume Armband/Bracelet,6.94,352845
914,B003O2S6CU,Shrek Fiona Costume,34.95,353854
757,B002NO7090,Rockin Diva Wig Adult Accessory,13.35,354528
170,B000HZV5V6,V for Vendetta Adult Deluxe Cape,15.74,354856
1015,B00411HJ30,Derby Child Black Hat,3.49,355350
659,B0029U0YAA,Wizard of Oz Tinman Toddler Costume,17.26,355744
318,B000W3V8HO,Voldemort Hands,15.99,355954
819,B002V5XEDC,Secret Wishes Elbow Length Stretch Satin Gloves,9.94,356098
1016,B00411FU36,Leatherface Classic Mask,34.4,356216
600,B00236QOT0,"Wizard Of Oz Latex Mask, Cowardly Lion",40.83,359222
483,B001DNK0LM,Elvira Deluxe Wig,16.0,359741
722,B002K6066U,Wizard Of Oz Secret Wishes Scarecrow Costume,25.63,360276
793,B002R9IRCK,Money Boa,15.99,360295
913,B003O2S6AW,Super Mario Brothers Deluxe Luigi Costume,39.56,360449
153,B000HAO6O4,Rubies Accessories Distressed Suede Look Pirate Boot Tops,15.99,360914
803,B002SD4NMI,Human Hair Chin Beard Goatee,16.56,361504
932,B003ODINZE,Jonah Hex Secret Wishes Lilah Wig,26.93,362184
522,B001G78GES,Derby Felt Black,6.7,362699
1052,B0042UD1C8,Rubies Costume Company Womens Faux Diamond Ring,6.98,363241
416,B001AN1SAW,"Star Wars Clone Trooper 3-D Action Suit Set, Size 4 to 6",20.93,364309
1290,B006WIV04O,Monster High - Frankie Stein Wig (Child),11.99,364380
962,B003TQL33K,"Foam Latex Mask, Deluxe Fatzo The Clown",27.58,365006
1341,B007FPQ1MY,The Muppets Adult Beaker Set,37.49,366098
1179,B004YARP6E,The Walking Dead Zombie Man With Split Head Latex Mask,48.99,366708
951,B003T9T1P4,Jonah Hex - Lilah Adult Wig,13.84,369065
515,B001FPJLZY,Animal Whisker Kit,2.99,369074
896,B003L5CUUE,"Avatar Costume Accessory, Jake Sully Ears",9.99,369976
184,B000IM3X22,Star Wars Darth Vader Halloween Costume Medium,25.79,370621
1355,B007US8U3O,LMFAO Shuffle Bot Headpiece With Led Light Costume,24.96,371129
163,B000HNBFEK,"Adult Miss Kitty Costume, Ladies Standard (Up to Dress size 12)",42.99,371142
1001,B003Y3A3KC,Jersey Shore Snooki Wig,5.35,372653
989,B003VWEKLY,Rubies 60s 70s Hippie Girl Cher Outfit Adult Halloween Costume,28.7,374595
10,B000069BCV,Adult Gothic Witch Costume,20.59,374704
737,B002KV7TKQ,Lord of the Rings Queen Arwen Deluxe Adult Costume - One Size,43.82,375106
1136,B004RLOA7W,Edgar Rice Burroughs Tarzan Deluxe Adult Tarzan Costume With Muscle Chest,33.28,376071
787,B002R1WX96,Orange Leisure Suit,25.51,376079
115,B000H8IKQG,Gorilla Animal Costume with Muscle Chest - Adult Std.,71.69,376745
372,B00163HC7O,Secret Wishes Foul Play Costume,24.28,377768
269,B000UVHQ24,Rubies Adult The Cat In The Hat Felt Hat,16.99,377802
1127,B004QH7BB4,The Smurfs Adult Costume,24.91,378588
1096,B00474ZW6C,Teen Beetlejuice Costume,27.8,379469
24,B00083D09C,Inflatable Aladin Lamp,4.99,380406
1238,B0058DQHC4,Sexy Red Fishnet Lace-Up Fingerless Gloves,8.99,381149
1352,B007LLMHBQ,Green Lantern Animated Deluxe Hall Jordan Costume,22.33,382016
1014,B00411FNI8,Secret Wishes Ms. Santa Dress Costume,37.66,382251
1126,B004P5A89E,Glee Puck Football Player Adult Costume,18.58,386663
244,B000RRV852,Black Skull Tights - Adult Std.,12.7,387604
607,B00252VYEM,Womens Sequin Dorothy Costume Standard,28.12,388164
1110,B004DK240M,Jonah Hex Lilah WIg for Womens Halloween Costume,15.0,388298
897,B003L5CUPY,Toddler Transylvanian Vampire Costume,17.05,388901
139,B000H8M9VS,Corpse Bride Bouquet,11.44,388978
592,B001TIGGCI,DC Comics Watchmen Rorschach Deluxe Latex Mask,36.52,389826
332,B000WPJQYO,Rubies Plastic Man,12.64,391488
388,B0018A77VQ,Prisoner Hat,3.99,395024
536,B001H3QFE4,Sexy Elvira Adult Costume,42.72,396703
431,B001B6LFEW,Maternity Pirate Halloween Costume,33.48,396856
64,B000H20NO4,Rubies Devil Accessory Kit Woman,5.17,397810
84,B000H3UF46,Rotting Teeth,8.5,399424
1316,B007FPPUZ8,DC Comics Rogues Gallery Adult Penguin Set,23.28,399849
70,B000H24IVI,Bubbles the Clown Costume - Standard - Chest Size 40-44,12.24,400575
359,B000ZMX7BC,Sexy Pirate Brown Adult Wig,17.59,400703
966,B003TQL2X6,Black Va Vamp Wig - Adult Std.,14.99,403650
829,B0038J7WII,Adult Dark Emo Dark Lord Wig,5.28,403683
555,B001K3C1V2,Gangster Tie White,13.18,404171
752,B002MRWWWI,Newborn Soldier Costume,8.65,404440
150,B000HAML7S,Spirit Scarecrow Makeup Effects Kit,14.53,406249
743,B002M09AGG,Theatrical Crepe Hair,5.42,409568
957,B003TQL28Q,Six Bladed Death,9.99,409705
586,B001QK8Q9U,Friday The 13th Jason Voorhees Overhead Mask,29.59,410058
298,B000VLQ3HM,Anakin Skywalker Gauntlet Costume Accessory,11.87,410656
1213,B0056WR5WI,The Walking Dead TV Show Teen Little Girl Zombie Costume,32.96,411263
842,B003DS7AQI,Secret Wishes Ms. Santa Hooded Scarf Costume,8.95,411789
17,B0000AOEA2,Funny Inflatable Pumpkin Costume - Adult Std.,38.95,414166
960,B003TQL2P4,Brown Princess Wig - Adult Std.,18.99,414523
1059,B004308406,Parasol Lace,10.39,414955
732,B002KUYGBM,Plastic Clown Adult Shoes (15&quot;),16.66,416452
767,B002P864EQ,Zorro Grand Heritage Collection Deluxe Costume,110.74,417532
373,B00165WB1O,Sassy Pirate Wig,10.17,417720
491,B001E3W25S,Child Size Quidditch Accessory Kit,12.17,418692
980,B003TQL2SG,"Humor Wig, Windblown",12.99,418743
217,B000M826FW,Black and Green Striped Knee Highs - Adult Std.,11.29,421208
441,B001BXUOKQ,Cat Ears on Clips,8.95,421263
53,B000GWF7T6,Muscle Chest Flash Adult Costume,35.08,422040
384,B001817JWW,Samurai Wig,10.05,422201
1142,B004RQY2WK,Adult Bonnie Blue Pirate Costume,42.95,422470
688,B002E0FWRK,Beth the Bounty Hunter Costume,29.73,422946
501,B001EHJAWM,Batman The Dark Knight Joker Wig,14.49,422954
1275,B005NRC242,Lady Gaga Adult Lace Bodysuit,16.48,423545
101,B000H699X6,Deluxe White Clown Wig,17.29,424462
99,B000H663CG,Adult Blue Plastic English Bobby Police Helmet Hat,9.73,424704
1043,B0042IVR5S,Demon Vampire Face Halloween Latex Prosthetic Kit,15.36,424956
638,B0029F1WYW,Star Trek The Next Generation Deluxe Adult Locutus Latex Mask,32.63,426068
800,B002RDGEF8,Slipknot James Mask,11.99,427675
206,B000LNJBOM,Baby Lil Bat Costume,13.0,428252
1357,B007X7RYGQ,Rubies Girls Zombie Rockstar Goth Punk Singer Halloween Costume,20.51,428818
1356,B007X7SW94,Rubies Girls Zombie Rockstar Goth Punk Singer Halloween Costume,20.13,428818
1086,B0045VW0CG,Rubies Mardi Gras Lady Clown Adult Plus Size Halloween Costume,33.48,430685
294,B000VLO9HI,Secret Wishes Plus Size Fairy Tale Maiden Costume,24.51,431869
1260,B005JFRJU0,Slipknot Deluxe Overhead Clown Mask,32.53,432555
705,B002GUCD0C,Super Mario Teen Mario Costume,29.01,435955
715,B002IRDOKG,"Wizard Of Oz Latex Mask, Scarecrow",37.71,436816
1315,B007FPPSCI,Star Wars Death Trooper Deluxe Adult Set,54.67,437973
1338,B007FPQ3T0,Star Wars Death Trooper Deluxe Adult Set,54.67,437973
806,B002SHSEPG,Wizard Of Oz Secret Wishes Tin Woman Costume,37.59,438132
844,B003E2MGF8,Day of the Dead Serape headband,11.16,439561
210,B000LNLHEY,"Pilgrim Set, Lady Costume",19.4,440196
1152,B004TE2KLK,Small Black and Silver Tinsel False Eyelashes,5.99,440202
415,B001AN35V2,Batman Action Suit Child Costume,18.51,441387
810,B002T847BO,Inflatable Clown Costume - Adult Std.,40.32,442444
1364,B007ZNVMKW,Worgen Latex Mask,39.47,443518
253,B000U5G0Q8,"Adult Saloon Girl Costume, Ladies Standard (Up to Dress size 12)",17.49,444968
510,B001F9RAXU,Teen Kenny Costume - Teen,40.98,447277
331,B000WPGQZG,Zorro Hat and Eye Mask,17.85,447873
563,B001KVC9TI,Clown Suspenders Halloween Costumes Yellow,12.34,448793
114,B000H8H7VK,Ghostbusters Adult Costume,24.08,448849
6,B00005CATE,3/4 Vinyl Darth Maul Mask,6.17,449310
479,B001DNK19S,Baby Doll Black Hair Wig,34.23,449577
457,B001CRPC6W,Rubies Star Wars Supreme Edition Adult Stormtrooper Costume - X-Large | 909866,783.02,450611
702,B002G3I592,Edward Scissorhands Costume Adult,38.1,452287
1042,B0042HZLTC,"Strawberry Shortcake, Makeup Kit",8.91,455961
19,B00066G7V4,Purple and Black Striped Knee High Stockings - Striped Knee Socks,12.28,456416
329,B000WPGJHQ,Nacho Libre Superhero Adult Halloween Costume,27.59,456652
40,B000CDHSO6,Deluxe White Santa Costume Set - Adult Std.,11.55,456786
745,B002M0F72C,"Gypsy Earrings (pierced) - Good with gypsy, belly dancer and pirate costumes too!",4.99,456971
845,B003E64HCY,Bollywood Eyebrow and Eyelid Jewels Kit,7.38,458427
203,B000LNJK70,Uncle Sam Top Hat,3.99,458833
974,B003TQL2KY,Pixie Wig,5.45,460600
1023,B00412SMTY,Elope - Dr. Seuss The Cat in the Hat - The Cat in the Hat Accessory Kit (Adult),19.99,460852
961,B003TQL2PE,Cruelzella Red Wig - Adult Std.,13.66,463472
323,B000W9PYHS,Bratz Cat Costume,2.0,465615
1051,B0042U8VOG,Handlebar Human Hair Moustache,5.49,466725
552,B001K36ZPU,45&quot; Hooded Glitter Cape,13.89,467309
82,B000H3XLB0,Vinyl Yoda 3/4 Mask,17.55,467757
826,B0030CBW3O,Corey Mask Costume Accessory,35.9,472658
508,B001F9PDFC,Monk Wig Costume Accessory,7.99,473663
299,B000VLTLEE,"Blonde Little Lady Wig, One Size fits Most",10.99,474304
147,B000HAO680,Zorro Adult Gauntlets,16.45,474605
245,B000RS0MZS,Rag Doll Girl Wig,11.25,475017
499,B001EB2Z3E,Kissing Booth Costume Adult,33.66,478017
485,B001DNM28Q,Wizard Of Oz Secret Wishes Plus Size Sequin Dorothy Costume,31.96,478208
1033,B0041MMB50,Black/Gold Sports Fanatics Adult Wig,9.99,478560
252,B000U0LT50,Harry Potter Dementor Deluxe Adult Latex Mask,41.98,478803
1153,B004TWSZ2A,Thin Latex Conehead Dome Cap Prosthetic Cone Head 68923,14.88,478903
945,B003T9NLRI,Caterpillar Bunting Costume,20.12,481713
685,B002DMI5CS,The Dark Knight Batman Deluxe Muscle Chest Costume,43.87,482285
1202,B0053HTZYC,Glee Quinn Cheerleader Teen Costume,25.99,484765
971,B003TQL2PO,Purple Widows Peak Wig,8.81,488049
601,B0023ZC6EI,Slaughtering Hook Costume Weapon,5.99,488111
912,B003O2S6CA,Shrek Costume,41.04,488846
5,B00004U3KI,"Spirit Er Female Doctor Womens Costume, Green, Standard",17.49,489042
437,B001BOEDCU,Alien vs. Predator Predator Gloves,22.75,489226
502,B001EI4W9C,Elvira Mistress Of The Dark Deluxe Grand Heritage Collection Costume,66.91,489530
1098,B0047DYWFU,Secret Wishes Plus Size Spongebabe Costume,42.01,491334
704,B002GU2FOG,Super Mario Teen Luigi Costume,28.99,491585
657,B0029F1X32,Star Trek the Next Generation Secret Wishes Deluxe Klingon Costume,38.63,492124
1335,B007FPQ354,Star Wars Deluxe Adult Bossk Mask,33.89,494117
1057,B0042ZWGTM,Alien vs. Predator Predator Gloves,22.75,494316
576,B001PM9XAA,Astronaut Jumpsuit Child Halloween Costume Size Toddler 2T-4T,18.49,494519
1170,B004YARB18,Jersey Shore Adult Snooki Wig,5.87,494683
1167,B004YARI5C,Jersey Shore Adult Snooki Wig,5.87,494683
47,B000FEER82,Freddy Krueger Costume,24.57,494725
256,B000U5K62W,Angel Adult Costume,16.47,495611
849,B003G5PLZA,Girls Pirate Hat In Pink Child,8.22,496719
627,B0028K3O5I,Star Wars - The Clone Wars Commander Cody 3-D Action Box Child Size 4 to 6,27.91,496777
367,B0013XYG5S,Native American Female Wig Costume Accessory,9.41,498886
354,B000Z4BDZC,Afro Poof Wig Adult,19.99,500631
668,B002AS39RG,The Original Little Chili Pepper Newborn Baby Costume,12.95,500805
533,B001GVF8E0,Plus Size Jack The Jolly Clown Costume - Mens Full 46-52,35.41,501111
401,B0019LREX0,Little Red Riding Hood Toddler Costume,20.1,501494
774,B002Q3UX7O,Nite Owl Overhead Mask with Cowl Costume Accessory,18.42,502685
766,B002P37CUQ,Rubies Sequin Disco Shirt New Retro 70s Disco Sequin Shirt Mens Halloween Costume,40.77,503397
109,B000H8GXH4,Rubies Costume Company Mens Predator Deluxe Latex Hands,24.99,503765
239,B000RK1S1I,Rubies ShrekAdult Vinyl 3/4 Mask,11.95,504339
718,B002IRJQ9E,"Wizard Of Oz Deluxe Latex Mask, Flying Monkey",52.99,504551
1217,B0057MF8FS,Strawberry Shortcake Secret Wishes Adult Deluxe Wig,20.2,505232
293,B000VLN0M8,Wizard of Oz Sequin Shoe Covers Adult,6.14,505634
1132,B004RCDVIU,Girls Wild Thing Wig - Child Std.,18.35,508063
412,B001AF7GI8,60s Auburn Flip Wig with Bangs,13.74,508245
903,B003LX2IBC,Native American Warrior Plus Size Costume,30.61,508334
490,B001DZDB6G,Wizard Of Oz Secret Wishes Wicked Witch Of The West Costume,24.47,510537
1099,B0047E45HE,Dallas Cowboys Secret Wishes Full Figure Cheerleader Costume,33.28,511648
1140,B004RQVFCU,Ramses Adult Costume - Adult Std.,31.64,513009
1114,B004I9CJLM,Deluxe Native American Headdress,10.62,515055
420,B001AND3FU,Indiana Jones Mutt Sword,9.51,515812
953,B003TA102K,Elvis Baby Bunting Costume,19.59,517213
56,B000GYU48I,Harry Potter Third Task Costume,12.81,518541
1048,B0042LDNJI,Rubies Sexy 60s 70s Red Dress Disco Outfit Halloween Costume,33.82,520240
14,B0000AIXZC,Arwen Deluxe Costume,32.0,522663
1090,B0046IDC8O,Black and Gold Mini Fedora Hat - Child Std.,6.3,526569
527,B001GIPIQG,3/4 Latex Hellboy Mask,12.63,526589
123,B000H8J2CM,Lady Godiva Extra Long Blond Wig,28.95,527342
955,B003TQL2AY,Warriors Blade,14.99,528997
427,B001B6EG3E,Teen Cartman Costume - Teen,37.1,529323
34,B000ASA0HA,Star Wars Clone Trooper Collector Helmet Costume,78.47,532707
673,B002AWF17S,Sweeney Todd Mrs. Lovett Costume,27.59,533484
1063,B00435V3NQ,Adult Baby Boy Plus Size Costume,18.59,533791
214,B000LTN9ZS,Adult Zorro Sword - Adult Std.,26.39,534907
1143,B004RZEB4A,Rubies Conan the Barbarian Cave Man Warrior Halloween Costume,31.5,536614
605,B00245VORC,Roman Goddess Adult Plus Costume,36.06,538210
365,B0012XGIPK,Adult Corpse Bride Costume,19.99,538219
104,B000H8FLF4,Adult Hoop Skirt,9.99,539899
271,B000UW1HNC,Addams Family Morticia Wig,8.99,541865
687,B002E0A4ZK,"Roman Sword with Sheath, 23 inches",6.99,542536
1080,B0044MYM4A,Cavewoman Plus Size Costume,23.36,542828
867,B003IIOV60,Adult Star Wars Darth Vader Costume,29.86,542957
679,B002BSHD9U,"Ni Hao, Kai-Lan Wig",12.94,544504
83,B000H3XQKQ,Jango FettTM PVC 3/4 Mask Star Wars,11.37,544526
525,B001GG67SQ,Plush Bunny Ears,2.62,544565
535,B001H3LPMG,Hellboy Deluxe Costume,35.96,545546
888,B003KRQFMM,A Nightmare on Elm Street Supreme Edition Freddy Glove,37.61,547407
680,B002BZ6H9U,Female Jester Costume,29.39,549636
392,B0018T4D8W,Wizard of Oz Toto In Basket,13.97,549868
225,B000OWEORE,Costume Gloves,3.99,550898
187,B000J2U2K2,Deluxe Padme Amidala Costume,49.86,551761
1185,B00505DRNM,The Muppets Fozzie Bear Costume,51.65,552809
1150,B004T6CGT4,Man Made Monster Face Latex Appliance Kit,11.99,552915
521,B001G6RJQK,Blonde Mixed Cecilia Wig,16.47,553471
870,B003IIMWDY,Adult Black Feather Witch Hat,19.58,554692
378,B0017LJRP0,Gothic Widow Wig and Veil,17.74,556553
162,B000HLNA72,Speakeasy Flapper Costume,29.06,557538
1047,B0042J6RCK,Hexed Pentagram Latex Prosthetic Kit,9.89,559347
8,B00005NVPA,Blonde Super Afro Wig,19.5,560841
610,B00265B0AG,Candy Striper Plus Size Costume - Womens Plus (14-16),28.54,561883
713,B002INKVMO,Warlock Adult Costume - Adult Std.,35.38,564051
351,B000YMZIYM,Smiley the Clown Costume Adult,23.99,564287
580,B001Q7O9DK,Reel F/X Malpractice Prosthetics,9.31,564981
1271,B005N51FU6,Looney Tunes Supreme Edition Bugs Bunny,254.56,567258
788,B002R3WVJQ,"Hellboy Full Cut Mens Adult Size Costume, Plus Size (Fits 46-52 Jacket Size)",49.99,567407
1244,B005921NCS,Strawberry Shortcake Secret Wishes Blueberry Muffin Costume,34.18,568324
922,B003O68PSG,Green Hornet Kato Gloves,10.02,569768
41,B000EGZCA8,Harry Potter Costume,21.58,569999
690,B002EB1SCM,Betty Boop Secret Wishes Starlet Costume,37.38,571598
196,B000KRS04Q,&quot;Bah Humbug&quot; Grouch Santa Hat,4.04,571607
944,B003T9RN2M,Penguins Of Madagascar Baby Bunting And Headpiece Skipper Costume,12.87,572613
747,B002MF88I2,Witch Hat Adult Costume Accessory,13.63,574268
783,B002QKE1UW,Reel F/X Granny Prosthetic,9.86,576256
313,B000VZ7TC6,High School Musical Yearbook Collection Gabriella Dress-Up &amp; Accessory Set,15.88,580932
1270,B005N516BO,God of War Adult Deluxe Overhead Latex Kratos Mask,27.74,582268
291,B000VI3NAA,Clown Wig Costume Accessory,6.22,583847
1159,B004XHYZRA,Lion Cub Costume - Newborn,34.99,584667
65,B000H20PKQ,Adult 45&quot; Glitter Hooded Cape,16.32,585914
1276,B005O0NQFW,Black And Pink Tutu Baby Costume - 6-9 Months,16.91,587174
1196,B0053D9UA0,Black Light FX - Nail Polish,5.73,587686
190,B000JM4FDC,Rubies Costume - Yoda-2 years,19.79,590247
426,B001B28E3G,Rubies Dorothy Plus Size Adult Wizard Of Oz Halloween Costume,45.92,590247
128,B000H8KN34,Rainbow Country Clown Costume Hat with Hair,8.93,590812
968,B003TQL2B8,Maces Of Fury,10.99,591334
199,B000LNGGYA,Adult Pink and Black Striped Tights - Adult Std.,3.99,592683
543,B001HXUIGK,Slipknot Sid Mask,22.4,593589
1045,B0042J3TSK,Reel FX Brimstone Devil Theater Make Up Costume Mask,13.83,595467
119,B000H8IN0E,Sexy Arabian Princess Belly Dancer Costume - Adult Std.,26.98,596768
75,B000H3UIVG,Chef Apron Adult Accessory,5.42,596862
857,B003HG7W9Q,Child Witch Wig (Black and Gray) (Standard),9.29,598412
208,B000LNL1BS,Colonial Lady Deluxe White Wig,19.69,602865
1310,B0077GSYKS,Batman Muscle Chest Costume Kit Child,19.77,603439
871,B003IMFYPI,Child Blonde Enchanted Princess Wig,11.59,605213
532,B001GUAWFQ,"Star Wars The Clone Wars Clone Trooper Costume Battle Chest, Child Size 8 to 10",27.11,605402
135,B000H8J2G8,Adult Grey Elven Cloak - Grey,27.68,606176
417,B001AN35VM,"Star Wars Clone Trooper Action Suit, Size 8 to 10",13.07,606495
1102,B0047PBHWE,Rubies Day of the Dead Halloween Costume Black Mini Top Hat,9.93,608061
1141,B004RQY2LG,Adult Viking Princess Costume,26.97,611731
443,B001BXVY8C,Cats Kit Adult Costume Accessory Set,21.73,617043
1058,B0043051RA,Black Mini Witch Hat Adult (Black;One Size),8.18,617354
39,B000CBYH3S,Three Wise Men Balthazar Costume Adult,45.49,618506
4,B00004U3LH,Tin Man Teen Costume,32.84,618562
185,B000ISA5F4,Country Girl Thigh Highs Perfect to complete our Sexy Dorothy Costumes,11.27,618728
102,B000H69A26,Colonial Wig in Black,34.29,621319
894,B003L5CU9U,Punk Ballerina Teen Costume,21.73,622395
670,B002AS7AZI,Long White Gloves Adult,10.88,625689
300,B000VLTMC0,Fiber Optic Light Up Afro Costume Wig,15.54,625887
1116,B004IYQVQG,Grumpy Clown Mask Costume Accessory,15.99,626154
815,B002UJJGOK,Blonde Ponytail,7.15,627211
1197,B0053HD5B6,Blue Glamour Wig,10.99,627559
476,B001DNGK52,Plo Koon 3/4 Mask,13.79,628153
1133,B004RHN680,Cute Pink Poodle Wig Halloween Costumes Accessories,25.02,629783
174,B000IDABDA,Pirate High Boot Tops,15.59,632881
1117,B004JKJB9S,Ghostbusters Romper Costume,20.99,634011
656,B0029F1X8C,Adult T600 Vinyl Mask,18.04,637728
169,B000HVSIOC,Clown Plus Size Costume,32.63,637784
602,B0023Y48KE,Adult Single Studded Costume Glove,6.76,638264
604,B0023Y86ES,Adult Single Studded Costume Glove,6.76,638264
570,B001MU4XYQ,Slipknot 133 Mask,24.43,639171
1215,B0057MEVBK,Strawberry Shortcake Secret Wishes Lemon Meringue Costume,33.85,639175
166,B000HNHIHS,Satin Pirate Shirt,14.15,639688
724,B002KE0DR4,Vogue Vampire Adult Costume,27.28,639701
379,B0017LJROG,Sexy Halloween Costume Goth Long Black/White Witch Wig Womens Standard,18.4,641458
22,B0006FUDME,Deluxe SaeseeTiin Latex mask,22.97,641976
484,B001DNM3CQ,Sam The Demon Mask,27.17,642417
566,B001KVID9I,Blue Curly Wig - Adult Std.,13.85,643541
633,B0029F1WJM,DC Comics Watchmen Silk Spectre Wig,13.96,645816
1113,B004HVKUYY,Adult Mens Sheik Rag Hat Headpiece Costume Accessory,7.24,647139
933,B003OF3WAI,Large Devil Horns Costume Makeup,5.91,648725
918,B003O68PUE,Nightmare On Elm Street Deluxe Sweater Costume,34.99,648844
1219,B0057MF8K8,Strawberry Shortcake Secret Wishes Adult Deluxe Muffin Wig,21.13,649468
413,B001AG7RUE,Adult Plus Size The Joker Costume,47.3,650823
62,B000H1ZVCO,Adult Renaissance Man Costume,41.54,651277
134,B000H8KM9E,Fiber Optic Purple Wig,9.75,651948
435,B001BDSXQS,"World Of Warcraft Deluxe Latex Mask, Orc",29.98,653052
814,B002UG19NY,Secret Wishes Beer Garden Maiden Costume,29.72,653247
583,B001QGF2KA,The Wizard of Oz Deluxe Dorothy Wig Adult,21.59,655974
1242,B0059221XS,Rubies Costumes Womens Zombie Nurse Apron (Adult),11.11,657647
553,B001K38QC0,Purple Hooded Glitter Cape - Adult Std.,19.79,658222
958,B003TQL2G8,"Fashion Wig, Avant Garde Red",13.15,659970
158,B000HAPLTI,Dragon Ninja Kama,8.99,660813
1198,B0053HCUUS,Metallic Gold Witch Broom,7.5,662011
267,B000UTQSGG,Harry Potter Hagrid Deluxe Adult Latex Mask,36.73,663653
168,B000HODSPS,Little Red Riding Hood Big Bad Wolf In Grandmas Clothing Costume Adult,28.12,663977
1111,B004DPLNAO,Sexy Festive Reindeer Adult Costume,36.79,665012
1329,B007FPQ24G,Rihanna Adult Wig,5.76,665454
281,B000V2050C,Princess Fiona Shrek Costume,11.7,669210
430,B001B6IP0E,Kenny Costume,26.88,671329
1188,B0051C52K0,Rainbow Tutu Baby Costume - 6-9 Months,11.99,671509
862,B003IIMUEA,Elven Green Cloak,34.99,671509
500,B001EGXZRE,Secret Wishes Plus Size Gun Moll Costume,35.51,671669
180,B000IDC4IK,Metallic Grease Paint (Silver) Halloween Makeup Accessory,0.9,672043
697,B002FA7GH8,Utility Belt,9.99,673711
910,B003O2S68Y,Super Mario Brothers Luigi Costume,15.67,680309
103,B000H6B56K,Black Velour Witch Hat with Wig,17.11,680912
92,B000H3Z9F6,"Hot Pink Spicy Girl Wig, One Size fits Most",11.44,681572
1006,B003ZOVL6K,A Nightmare On Elm Street Freddy Krueger Costume with Mask,13.13,685101
1286,B0067NB6IO,Deluxe Queen Amidala Costume - Medium,46.28,687175
804,B002SDDU0E,F/X Makeup Prosthetics Noosed,7.67,688810
91,B000H432X6,TEAL DIVA WIG,10.85,689244
589,B001R4FMU6,Drama Queen Skull/Crossbones Fingerless Gloves,5.99,689387
1064,B00435V3UE,Adult Baby Girl Plus Size Costume,19.34,694410
694,B002EV3VZ4,Slipknot James Mask,24.37,695188
864,B003IIN4DG,Batman Flashlight and Batarang Costume Kit,5.99,697797
523,B001GA0VIO,Adult Costume Pink Pirate Hat with Feather and Ribbons,18.71,699437
322,B000W9MJIK,Baby Shrek Infant Costume,14.85,702817
301,B000VLVXTU,Basic Pirate Boot Tops,15.29,703179
52,B000GWJASK,Dragon Lady Geisha Teal Costume Adult,28.65,703287
866,B003IILMQC,Star Wars Chewbacca Infant Costume,14.99,707888
382,B0017RONOY,Roman Empire Costume,30.46,708085
188,B000J45GBA,Chewbacca EZ-On Romper Costume - Toddler,27.99,713555
1206,B0053HWJYU,Inflatable Stay Puft Marshmallow Man Adult Costume,44.99,713630
758,B002NZVRF2,Bird of Paradise Mardi Gras Mask,11.99,713928
1050,B0042PD5WY,Sexy British Invasion Costume,21.06,714432
144,B000HAKQVG,Costume Wigs Blue Genie Wig,10.4,717463
1229,B0058DQEUY,The Smurfs - Smurf Shoe Covers Adult Accessory,6.92,717514
1285,B005WJCZA2,Professor McGonagall Wig,14.95,718085
304,B000VOCOWC,Adult Dragon Lady Geisha Costume,33.07,718928
30,B000A81OVQ,DC Comics Deluxe Adult Catwoman Costume,32.38,719017
342,B000XEVHSC,Grecian Belt,5.99,720797
835,B003D818WA,Toynk Toys - Shrek Forever After - Princess Fiona Adult Costume,29.99,723738
838,B003D836U2,Mod Marvin Adult Costume,26.52,725886
1173,B004YARNQQ,The Walking Dead Costume Accessory Bloody Cleaver,2.63,727387
338,B000WY27MI,The Wizard of Oz Tinman Toddler Costume,21.8,730578
125,B000H8J2GS,Adult White Arwen Cloak,39.95,733008
772,B002PU9X4C,Dallas Cowboys Deluxe Secret Wishes Sexy Cheerleader Costume,43.98,735053
333,B000WQRQPY,Scary Adult Super Deluxe Jason Costume - Adult Std.,47.76,737405
1084,B0045OGATW,Lady Gaga White Headscarf Costume,8.6,741175
986,B003VISYQK,Plus Size Sexy Jason Voorhees Costume,30.65,741608
264,B000UL5C1Q,Harry Potter Wand Halloween Costume Accessory,7.99,745634
519,B001FVCLRS,Star Wars Adult Deluxe Hooded Sith Robe,43.25,745716
445,B001BXXV4M,Scooby Doo Adult,71.0,745832
498,B001E6UUEA,Superman Flashlight,2.91,746203
262,B000UJZH7M,Wonder Woman Bib Newborn Costume,9.86,749132
1034,B0041MNCJY,Lil Bat Infant Costume,9.99,749162
851,B003GNTI1U,Deluxe Black Widow Necklace - One Size,7.19,749546
1327,B007FPPUVW,DC Comics Rogues Gallery Adult Scarecrow Set,17.37,749654
678,B002BM8AFW,Adult Star Wars Hooded Sith Robe,20.25,749933
155,B000HAPM6A,Blonde Cavewoman Wig - Adult Std.,13.01,750677
157,B000HAPL6G,Fishnet Mitts Gloves Halloween Costume Accessories,9.85,753015
1077,B0044MPOC4,Rubies Pinstripe Gangster Suit Plus Size Halloween Costume,36.96,754510
436,B001BDWYBS,"World Of Warcraft Deluxe Latex Mask, Forsaken",35.28,754630
647,B0029F1WY2,Rubies Costume Company Mens Star Trek Movie 2009 Nero Gun Romulan Disruptor,11.99,755175
442,B001BXUPPU,Deluxe Princess Fiona Adult Costume - Adult Std.,38.25,756496
186,B000ISD1NW,Deluxe Skull Pirate Costume Hook Hand,9.74,760102
908,B003NU8TZM,Pony Tail Candy Girl Wig in Pink - Adult Std.,25.09,762690
284,B000V71N8K,Black Diamond Fishnet Tights - Adult Std.,8.71,765922
717,B002IRJGLW,Indie Rocker Adult Wig,9.67,765994
832,B003A70TG0,Monk Wig - Adult Std.,12.33,766646
1245,B0059U87LK,Fantasy Nose Latex Prosthetic Kit,6.99,768076
179,B000IDC23W,Cord Necklace with Pewter Pirate Pendant,1.59,768553
977,B003TQL2FY,"Fashion Wig, Avant Garde Pink",8.04,771755
1076,B0044K0AKC,Toddler Elf Costume,18.99,772738
350,B000YKFNJ4,Classic Ninja Adult Costume,10.08,773054
1332,B007FPQ3SG,Star Wars Darth Talan Deluxe Adult Set,21.68,774580
1044,B0042IXM38,Reel FX Baal Demon Latex Appliance Kit,9.1,776255
1234,B0058DQGS4,The Smurfs Costume with Adult Smurf Hat,11.94,778105
1284,B005UFD65Q,"Indiana Jones Child Costume Kit with Hat, Whip, Satchel and Belt with Gun and Holster",29.95,778107
1026,B0041BNVJG,Cute Womens Pink Mini Pirate Swashbuckler Tricorne Hat,7.02,778421
573,B001NXW2G8,Smiley Clown Mask,12.44,779486
433,B001B6P7QY,Rubie?s Costume Co Secret Wishes Betty Boop Costume,32.07,780723
775,B002Q3YNZM,Dragon Lady Wig Blue,11.03,780924
1208,B005536JAW,Black Satin Witch Hat,2.75,782671
194,B000KDZ06G,Rubies Plastic Cigarette Holder (13 1/2&quot;),2.5,784025
159,B000HAO7BG,Adult Strawberry Tart Wig,15.23,784524
509,B001F9QYXM,Durashape &quot;The Shadow&quot; Black Fedora,9.67,785575
528,B001GIU6KE,Cow Bell Halloween Costume Accessories,4.0,786637
1201,B0053HDT6W,Elvis Bunting Costume - Newborn,14.99,788194
1078,B0044N25VG,Rubies Egyptian Pharaoh Plus Size King Tut Halloween Costume,26.41,788721
270,B000UVLEIG,Christmas Elf Costume,29.76,789312
124,B000H8IWSC,Orange Adult Butterfly Costume,24.99,791239
183,B000IDCZW0,Orange Adult Butterfly Costume,24.99,791546
421,B001AT5VSG,Rubies Black and Orange Striped Thigh Highs Black Orange Ladies One Size,6.84,792806
900,B003LMT25S,Cat Eye Style Costume Sunglasses - One Size (Different Colors),8.98,793077
149,B000HAMK2Y,Green/Black Striped Halloween Pantyhose (B601),5.78,793679
380,B0017MTA1U,Secret Wishes Long Velvet Gloves,7.55,794353
55,B000GYSUOS,LICENSED DELUXE Adult Warner Bros. Sylvester Costume,51.95,799494
453,B001CBKRWW,Latex Skull Adult Mask,24.98,801384
991,B003WC7FDI,Pink Bunny Infant Costume,26.94,803833
164,B000HN72BK,Deluxe Tavern Wench Costume,117.81,806739
703,B002GPXQ80,Fruity Licious Candi Korn Adult Costume,21.2,807493
223,B000OWD82Q,Renaissance Queen Adult Costume,45.59,808590
116,B000H8HFWQ,White Rapper Mask,13.98,809021
1024,B00417IU28,Clown Fish Baby Costume - Infant,21.46,812092
80,B000H3VL4O,Black Cat Spiked Leather Choker Halloween Accessory,5.99,812255
228,B000PIRAZ0,Top Hat Child Durashape,7.0,812397
89,B000H3Z2PS,Werewolf Foam Appliance,28.21,812618
1031,B0041MHUYW,Adult Kermit the Frog Costume,42.99,816115
265,B000UL5I8I,Rubies Malfoy Wand,3.3,817420
357,B000ZD581S,Mod Girl Wig - Natural Red,5.5,817871
674,B002AY4U7S,Daphne Costume - Medium,26.0,818156
321,B000W9KEDW,Rubies Retro Cheerleader Kids Costume,11.31,823163
1278,B005Q5O9YM,Santa Sleigh Bells Strap Decoration,16.04,824508
569,B001LVBM04,Pirate Beard and Moustache Set,5.98,825308
907,B003M7GD86,Adult Black Glitter Tights - Adult Std.,5.78,825314
542,B001HL4BGU,Super Deluxe Santa Belt,14.99,825971
143,B000HAKOQS,Deluxe Aragorn King Of Gondor - Adult Std.,84.01,828021
792,B002R9IP2C,R2D2 Infant Costume,18.99,833187
754,B002N3AS9A,Bumble Bee Baby Costume - Infant,23.99,833402
463,B001D1KXIY,Cutie Flip Wig (Auburn) Adult Accessory,8.22,834387
289,B000VDFRN6,Native American Indian Male Wig Unisize Accessory,8.35,840505
423,B001ATFB6I,Black &amp; Pink Striped Thigh High Pantyhose,6.84,842357
518,B001FSSUPI,Indiana Jones Toy Costume Accessory Brown Leather Whip,10.97,843222
58,B000GYZB2C,Officially LICENSED NEW DELUXE Arwen Costume from Lord of the Rings,59.24,846337
701,B002FRENB8,"45 Inch Red Fabric Cape, One Size",15.62,848725
88,B000H3Z690,Rubies Official Universal Studios Monsters Adult Mask,10.11,851527
399,B00194YT44,Shark Bunting Infant Costume,13.46,851609
899,B003L5CUC2,"Nightmare On Elm Street, Freddy Krueger Foam Latex Mask",24.99,853028
340,B000XA3B6C,Adult Spartan Costume,27.95,853804
1251,B005EPMQRQ,Girls Bratz Jade Rocks Wig - Child Std.,9.52,856370
798,B002R9MAAK,Perm Mullet Wig Costume Accessory,8.99,856800
137,B000H8MEBS,Beautiful Purple Butterfly Costume,32.0,856841
1049,B0042PK2CK,Flower Power Gogo Costume,28.99,861038
178,B000IDC1XS,Cleopatra Mesh Headpiece Adult Egyptian Costume Accessory,21.95,864020
860,B003IIJ6GK,V for Vendetta Adult Deluxe Cape,23.5,864776
1121,B004L7QP16,Old Woman Face Appliance Kit,28.95,864978
972,B003TQL2WM,Pink Attitude Wig,14.99,865052
136,B000H8KUDM,Lord of the Rings Moria Orc Mask Standard,54.99,865516
156,B000HAO77A,The Batman Batarang Costume Accessory,5.5,865870
1009,B0041197ZI,Muscle Chest Superman Plus Size Costume,36.92,866794
613,B0026XRLCO,Star Trek Classic Mugato Deluxe Latex Mask,44.22,867932
151,B000HAO5J0,Ladies Garter Belt,9.98,868930
567,B001LIVYMS,Renaissance Woman Blonde Wig,8.1,871394
556,B001K3DTRC,Adult Red Riding Hood Costume,25.95,871500
97,B000H67KNC,Durashape Derby Hats Halloween Hats White,10.29,872536
938,B003R3Q56A,Elvis Deluxe Child Costume Size 4-6 Small,38.0,873190
987,B003VJ1UCY,Secret Wishes Plus-Size Sexy Full Figure Ms. Candy Cane Costume,36.35,873822
472,B001DNEDLA,Passion Eva Wig (brown w/ streaks) Adult Accessory,10.89,875155
524,B001GG4C2Y,Black Leather Cat Tail,4.97,880851
236,B000QYNC96,Camo Print Leggings - Adult Std.,9.78,881260
939,B003R3QC5Y,Deluxe Lady Bug Costume - Small,21.25,881931
738,B002LF9SWS,Play Costume Ninja Sais - Costume Accessories,4.11,883904
1187,B00505DRF0,The Muppets Gonzo Costume,49.94,885885
118,B000H8IQW4,White Fiber Optic Costume Wig,22.45,887906
629,B0028K3NYU,"Stark Trek Spock Action Costume Box Set, Child Size 4 to 6",32.78,887973
1191,B005203OU6,Ghostbuster Boy Infant Costume,23.84,889748
1156,B004UUK61O,Green Lantern Movie - Green Lantern Light-Up Ring (Adult),8.15,889961
396,B0018Y9FDA,Sinister Crimped Witch Black Purple Wig,9.45,898016
1164,B004YARJV0,Kiss Demon Shoe Covers,24.0,898145
1082,B0044UCKP0,Red Ruby Ring,4.99,905063
432,B001B6N590,Kyle Costume,33.11,905402
759,B002O8V48I,Cute Goth Black White Anime Cosplay Pigtail Costume Wig Adult Standard,12.5,906137
809,B002SP0VJK,Secret Wishes Candy Corn Witch Costume,24.96,906697
684,B002D509JW,Rubies Costume Company Womens White Fingerless Gloves with Black Stars Adult,9.95,908712
395,B0018XTJI2,Deluxe Officially Licensed New Toddler Wonder Woman Costume,35.12,909733
660,B0029U0XH4,Harry Potter Death Eater Costume,14.26,918304
591,B001SLAMVW,Roman Maiden Costume Adult,21.95,921367
113,B000H8FLHW,Lex Luther Bald Cap,8.98,921741
1204,B0053HTYSY,Glee Puck Costume - Standard - Chest Size 40-44,28.99,926236
455,B001CJT8F6,Mommy to Be Baker Adult Maternity Halloween Costume Size Standard,19.03,930211
1292,B0073E54Y8,Blackest Night Hawkman Zombie Overhead Latex Mask,54.99,932805
588,B001R2C00S,Shiny Police Bag,11.99,936768
334,B000WR1W6C,Roman Senator Costume,24.45,938039
1289,B006MRO7AO,Inspired By The Walking Dead Step-by-Step Make Up Kit,5.99,938628
272,B000UXBNAS,DC Comics Deluxe Muscle Chest Robin Adult Costume,34.91,942705
978,B003TQL2JU,"Humor Wig, Player",5.2,949793
66,B000H22MHK,Hellboy Adult Deluxe Costume,56.95,950376
1147,B004T6A74U,Girls Ninja Girl Wig - Child Std.,7.4,950743
488,B001DUX4F4,Bad Sport Teen Cheerleader Costume,17.4,951363
49,B000FPV7TI,Officially Licensed Freddy Kruger Costume Glove,7.85,952087
1216,B0057MF8OO,Strawberry Shortcake Secret Wishes Adult Deluxe Meringue Wig,20.3,952756
48,B000FH0QES,Adult Renaissance Faire Costume,50.65,955119
812,B002TZMCT6,Fuzzy Lamb Infant Costume,19.34,961243
375,B0016MGR76,Ms. Spot Wig,12.99,965853
356,B000ZD36BM,Deluxe Devil Lord Costume,33.69,970435
691,B002ELGJMG,Black and White Harlequin Thigh Highs,6.93,971138
943,B003S3SPT4,Jason Friday the 13th Plus Size Costume,21.23,971243
854,B003H1D4VG,Red Adult Clown Shoes,9.99,974818
662,B002A9PDE2,Sports Fanatix Wig Costume Accessory,7.24,978824
1255,B005FQR26E,Monarch Butterfly Costume - Medium,19.99,981240
67,B000H22LQW,Warrior King Costume for Adults,28.96,981350
45,B000F43ILO,Long Beard and Moustache Set,5.79,981443
1037,B0041MSXKM,Train Engineer Child Hat,5.99,985245
1119,B004JKKL7O,Rockabilly Wig in Red - Adult Std.,32.35,985344
1067,B0043BGQQY,Rockabilly Wig in Red - Adult Std.,32.35,985629
628,B0028K3NPO,"Star Wars The Clone Wars Captain Rex Action Suit Costume, Child Size 8 to 10",7.99,987238
795,B002R9KEO4,Star Trek Spock Wig,12.99,987384
389,B0018CQFIU,Insane Asylum Skitzo Costume,38.63,987888
746,B002M0J3I6,Fx Makeup Prosthetics Gurgle Costume Accessory,7.21,989932
821,B002XJ0XSU,Lil Santa Claus Jumpsuit Infant Christmas Costume Size 6-12 months,11.99,994402
1108,B004BVL0GW,Womens Hologram Black Halloween Eyelashes,6.62,996468
963,B003TQL27C,Tribal Death Shield,8.27,999098
727,B002KMMXE2,Satin Domino Mask,5.37,1001315
863,B003IIMSOW,Blonde Long Glamour Wig,8.99,1003247
1279,B005S8ARJS,Queen Amidala Costume - Medium,23.8,1006100
564,B001KVE8L0,Clown Costume Suspenders Black,7.46,1006294
141,B000H8MF08,Adult Aragorn Costume Sword,16.22,1007229
216,B000LZQRQ0,Lady Luck Adult Plus Costume - 16-20,27.99,1018432
902,B003LS1TCQ,Death Eater Bellatrix Costume - Medium,30.14,1021567
1195,B0052USCM6,Super Deluxe Dorothy Wig,24.99,1022041
439,B001BXQ6QC,Santa Wig And Beard Reg Accessory,28.99,1022928
383,B0017T3Z4G,Pink Nurse Costume,21.32,1025325
843,B003DWXMXY,Toynk Toys - Deluxe Mario Hat Adult,24.57,1025694
93,B000H4330I,Pop Star Dark Grey Adult Wig,14.72,1026873
593,B001U3ODG8,Adult Black Vinyl Biker Hat,6.97,1028213
1232,B0058DQNCI,Secret Wishes Flirtatious Sexy Ms. Santa Costume,31.33,1030840
3,B00004U3LC,Sexy Catwoman Costume,31.06,1034059
94,B000H3XQME,Clone Trooper 1/2 PVC Mask,5.58,1035855
1259,B005HQI61M,Hal Jordan Tiny Tikes Costume - Toddler,19.84,1036798
905,B003LXE7L6,Plus Size Ms. Candy Cane Christmas Costume - Womens Plus (14-16),17.9,1039207
599,B0022JZ70A,Fun Red and White Striped Knee Highs,17.33,1042270
160,B000HB3YXM,Clone Trooper Adult Costume - Adult Std.,24.95,1042623
175,B000ID87RW,Princess Costume Star Wand - Gold or Silver,1.59,1043082
1073,B0043SDB3S,Plus Size Royal Vampire Costume - Mens Full 46-52,33.27,1046153
129,B000H8KP1E,Plus Size Adult Gothic Witch Costume - Womens Full,31.75,1054232
730,B002KSF96K,Dragon 6-12,24.99,1054955
1106,B004BOO138,Lady Gaga Blonde Hair Bow Clip,4.76,1055196
1158,B004XAPCGK,Thundercats Overhead Mask,28.2,1057329
1085,B0045T3R6G,Deluxe Vampire Prosthetics,11.5,1058041
753,B002N39U8K,Legolas Costume - Standard - Chest Size 40-44,34.12,1058573
711,B002HSKQWU,Sequin Fedora Hat,18.99,1059757
127,B000H8KISO,Adult Candy Corn Costume - Womens Std.,32.4,1064294
145,B000HAKQV6,Sexy Adult Womens Green Genie Costume Ponytail Wig,8.98,1064469
1199,B0053HDEMG,Muppets Fozzie Bear Infant Costume,16.71,1065302
781,B002QKCB22,Shearly Gruesome Halloween Weapon,4.97,1074093
242,B000ROE4JC,Plastic Roman Costume Sword (toy),7.99,1075199
1004,B003YGGWZO,Disney Tinkerbell Toddler Costume,23.52,1080033
1257,B005GXB5J6,StormTrooper Helmet Star Wars Collectable Costume Helmet 35549,119.88,1083651
861,B003IIMRUM,Ninja Accessory Kit,4.0,1083807
1062,B00435WGO6,Graveyard Nightgown Womans Halloween Costumes-Medium 10-14,39.09,1088585
414,B001AIOQDI,"Adult Deluxe Nifty Fifties Costume, Ladies Standard (Up to Dress size 12)",21.26,1095204
1081,B0044N25YI,Rubies Cleopatra Black Dress Plus Size Adult Halloween Costume,33.1,1097825
1022,B00412POCW,Beetlejuice 3/4 Vinyl Mask with Hair,16.9,1106440
1221,B0058D6P8U,Inspired By The Walking Dead Bloody Teeth Adult Costume Accessory,1.84,1107783
853,B003H1ENL6,Elvira Wig,11.99,1110836
1231,B0058DQR2Y,Halloween Stockings Crossbones Black/Red,10.29,1118578
949,B003T9YWLC,Rubies Costume Company Womens Secret Wishes Hef Robe (Black/Pink) Adult Plus Costume,44.1,1120912
1065,B00437JVC4,Princess Leia Plus Size Costume,51.0,1124980
1193,B0052ORPES,Plus Size Holiday Helper Christmas Costume - Womens Plus (14-16),33.75,1127658
1032,B0041MHJSY,Arabian Princess Adult Costume Set,25.47,1129463
1061,B0043213P2,Disco King Adult Costume - Adult Std.,31.5,1133936
1060,B00431VELG,Disco King Adult Costume - Adult Std.,31.5,1133936
1181,B004YOSM26,Deluxe Kilowog Mask,34.99,1135419
9,B00005NVPK,38 inch Lady Godiva Wig Costume Accessory,17.99,1137663
310,B000VPC6I8,Swine 3/4 Latex Mask Adult Halloween Accessory,23.99,1139028
126,B000H8KMXA,Renaissance Lady Wig Costume Accessory,8.0,1139699
760,B002OCDS4M,Plus Size Gothic Vampire Costume,53.81,1140032
285,B000V76V5U,Black and White Checkered Thigh High Stockings - Adult Std.,4.75,1143702
892,B003L5CUVI,"Avatar Deluxe Foam Latex Mask, Jake Sully",28.54,1146480
11,B0000A92MI,Deluxe Neo Costume - Standard - Chest Size 40-44,148.5,1153559
579,B001Q7LKSM,Vampire Bite Costume Makeup,6.3,1160118
1068,B0043ED6T6,Superman Plus Size Costume,42.69,1161624
1203,B0053HU8PC,Aviator Helmet &amp; Goggles Set,6.25,1165082
526,B001GGP2P0,Halloween Costume Accessories Adult Wigs Mens Blonde Surfer Skateboarder Shag Dude Party Wig,8.86,1170846
1354,B007PWP1IC,Halloween Costume Accessories Adult Wigs Mens Blonde Surfer Skateboarder Shag Dude Party Wig,8.86,1173151
1093,B0046OA0HY,Gryffindor Robe Child Costume,31.45,1174804
98,B000H67L9A,Southern Belle Wig In Brown - Adult Std.,10.39,1175232
1227,B0058DQBUM,Adult Kiss Ace Frehley Spaceman Costume Deluxe Mask,35.0,1175671
327,B000WL1A9M,Drama-licious Pirate Queen Young Adult (Teen) Halloween Costume Size 2-6,22.2,1184740
211,B000LTL56I,Rubies Doom Skull Mask,27.8,1187157
152,B000HAML6Y,Curly Purple Wig,11.49,1193978
1036,B0041MMR6S,Star Wars Super Deluxe Jedi Robe,84.99,1194152
341,B000XAXRSO,Adult Apollo Costume - Adult Std.,24.98,1200125
1010,B00411CM5K,Silver Wolf With Hair Mask,18.51,1203153
1029,B0041F0ADM,Black Sequin Fedora Adult Hat,22.28,1204587
330,B000WPIJ3S,Spider w/Jewel Eyes - 20in Halloween Prop,3.48,1206176
947,B003T9SZZ6,Jonah Hex Adult Costume,17.99,1206926
112,B000H8HGU2,Trinity Glasses Costume Accessory,6.99,1207020
562,B001KB4OTQ,Superman Ring Costume Accessory,4.24,1214251
855,B003H1JI98,Rag Doll Girl Child Wig,10.97,1218649
796,B002R9KHNC,Basket with Wolf Head,16.99,1226976
339,B000X3J2BW,Adult Plus Size Batman Costume,42.32,1229628
1250,B005DJB37M,ADULT World of Warcraft Murloc Mask/Headpiece,32.1,1255599
731,B002KUUDQE,Plug &amp; Socket (2 costumes),41.97,1256067
748,B002MFZUDI,"Fear Fairy Wig, One Size fits Most",11.83,1260637
309,B000VOEQ8M,Blood Capsules,4.33,1261080
937,B003R3JVYS,Moonlight Magic Witch Child Costume Size 8-10 Medium,31.42,1263191
837,B003D7YP80,Beer Garden Adult Halloween Costume Plus Size 14-16,29.99,1265684
326,B000WIB33I,Child Twinkle Princess Costume - Toddler,21.69,1273285
714,B002IRBPLQ,Batman Brave &amp; Bold Batarang,9.26,1298150
201,B000LNGD98,Royal Vampiress Adult Costume,63.32,1300629
182,B000IDD04M,ADULT Vinyl Witch Costume Hat - Sexy or Evil (Or Both!) Witch Costume Fun,7.99,1301052
1079,B0044N26DS,Rubies Count Dracula Adult Plus Size Vampire Halloween Costume,18.0,1319696
1028,B0041E3J2W,Red Ruby Bracelet,5.5,1319720
108,B000H8FLTU,Psychedelic Make-up Sticks,3.34,1319834
218,B000MRALZ0,Jango Fett Gun,10.22,1330783
1266,B005LX5X94,Pikachu Costume - Toddler,10.5,1336436
529,B001GKD00K,Supergirl Costume - Small,24.39,1343242
615,B0027ELIDA,Adult Deluxe Woodstock Honey Hippie Costume - Adult Std.,39.05,1346413
833,B003BWCF7K,Beer Garden Girl Costume - Plus Size - Dress Size 16-20,26.44,1352876
344,B000XF10YM,Adult Death Eater Costume,41.71,1355511
513,B001F9UBI6,White Gangster Hat,13.53,1358689
1265,B005LLN6LS,Rubies Costume Company Unisex Adult I Dream Of Jeannie Bottle,8.61,1358974
808,B002SOVFJQ,Balthazar Costume - Medium,34.23,1365119
1189,B0051G7VNW,Construction Worker Costume 4-6,21.95,1371297
598,B001VTCHY6,Curious George Costume - Infant,20.0,1381626
7,B00005LILM,Brown Caribbean Pirate Wig,10.87,1387510
1243,B005923858,Raggedy Andy Wig Child,9.99,1388082
1207,B0053HY59M,Deluxe Strawberry Shortcake Toddler Costume,29.28,1394495
61,B000H20O4S,Studded Wristband,1.2,1414859
371,B00160GUQG,Star Wars C3PO Kids Halloween Costume,16.5,1421189
1129,B004QM8QJU,Archie Comics Jughead Costume,9.52,1425737
676,B002BADP6S,80s Diva Adult Costume,33.71,1428797
348,B000XF1132,Black Racing Purse,9.99,1437881
848,B003G5KV32,Vinyl Black Cowboy Hat,7.99,1443191
865,B003IIQILG,Auburn Short Super Model Wig,8.99,1450603
612,B0026HRTK4,Cute Pink/Blue Clubbing Short 90s Halloween Costume Wig Adult,8.96,1458856
1161,B004YARHO4,Green Lantern Hector Hammond Overhead Latex Mask,12.93,1474074
578,B001Q2MYOQ,Adult Blueberry Ice Wig,11.29,1484396
358,B000ZH6PDE,Universal Monsters The Wolf Man Adult Standard Costume,14.99,1486659
273,B000UY0SNA,Cain The Vampire Tyrant Costume,42.5,1503943
541,B001HGAW72,Adult Ghouldilocks Costume,36.06,1507774
355,B000ZA50TQ,Grecian Earrings,5.93,1519319
577,B001Q2L42E,Adult Purple Chill Wig,6.99,1520127
616,B0027IOZ3G,Adult Classic Dracula Deluxe Vampire Halloween Costume,113.74,1520672
585,B001QGP5K2,Dragon Lady Red &amp; Black Wig,9.86,1524052
742,B002M0ALGY,Multi Color Pastel Skin Jewels - Large,7.99,1532937
1112,B004HAZOWI,Colonial Girl Costume - Medium,36.0,1538006
25,B00084JAUY,LONG GREY Witch Costume Wig,9.95,1540460
682,B002CP2WZ2,Scooby Doo Jumpsuit And Headpiece Costume,5.42,1560228
440,B001BXPYCO,OBI-WAN Kenobi Adult,42.0,1568705
100,B000H67LE0,Fuchsia Fever Crimped Tinsel Wig,13.54,1577171
1038,B0041OA628,Teen Supergirl Costume,35.03,1594327
1087,B00462FQAM,Plus Size Angelic Devil Lady Adult Costume - Womens Full 16-22,26.33,1602902
1267,B005MPZEO0,Deluxe Lady Bug Costume - Small,18.99,1609097
107,B000H8GW7U,Studded Costume Wristband,2.2,1613474
1091,B0046IKJ6C,Obi-Wan Kenobi Costume - Infant,32.82,1613920
740,B002LMMFB2,Sexy Gold Honey Costume,28.02,1634959
449,B001BYD5RO,Toynk Toys - A Nightmare on Elm Street Freddy Sweater Deluxe Adult Plus Costume,29.99,1639024
985,B003VEGXIA,Sexy Dark Fallen Angel Costume,26.22,1643580
95,B000H46EDG,Black Victorian Hat with Plumes &amp; Flower,14.99,1658736
846,B003E6859U,Barbarian Necklace,5.51,1671728
791,B002R9GMVI,Magic Dragon Infant Costume,16.99,1680725
219,B000NBOA98,Renaissance Warrior King Costume Plus Size,19.99,1683848
1280,B005SAIO4Q,BeyBlade Gingka Hagane Halloween Costume - Child Size Small,10.49,1718556
1115,B004IMUJNY,Authentic Silver Pirate Sword,4.0,1719512
122,B000H8IQR4,Queen of Hearts Teen Costume,34.47,1721402
692,B002EV6I04,Rubies Venetian Velvet Eyemask,16.95,1728658
1035,B0041MN6WC,Shrek Plus Size Adult Costume,36.99,1754261
635,B0029F1WOW,Star Trek Movie Adult Deluxe Nero Cap Costume,12.49,1774606
376,B0016NPUJQ,Darth Vader Supreme Adults Costume,587.98,1777428
38,B000CBWEX8,Colonial Hose Socks,9.99,1793706
603,B0023ZC6QQ,Sexy Dorothy Red Glitter Adult Shoes Halloween Accessory Size Small (5-6),21.6,1794506
799,B002R9M5AK,Santa Claus Eyebrow Whitener Makeup Stick Costume Accessory,4.75,1814161
1151,B004TAPB42,Ultra Deluxe Cinderella Costume (Medium),39.99,1852836
689,B002E0LOPY,Dorothy Thigh High Stockings Costume Accessory - Standard - Dress Size 10-12,11.25,1854151
1071,B0043OYIZC,Punk Rebel Adult Costume - Adult Std.,23.91,1887846
1288,B006LX74TU,Kronos Mask &amp; Shoulders,42.71,1968437
385,B0018198F8,Rubies Costumes Mens Stormtrooper Supreme Edition Adult Costume,722.08,1996308
805,B002SGKMAM,Sports Wig- Orange and White - Adult Std.,5.19,1998328
735,B002KV1WXQ,Batgirl Costume - Medium - Dress Size 10-14,46.75,2056743
544,B001HXRM7I,Deluxe Teen Beetlejuice Costume,35.03,2093260
473,B001DNEE3M,Sexy Gabrielle Black Wig for Halloween Costume,17.33,2127869
181,B000IDCZOS,Outcast - Mutiny Female Pirate Adult Halloween Costume Size 12 Standard,4.99,2130197
177,B000IDC1HY,Sequin French Maid Adult Halloween Costume Size 6-10,39.0,2138266
407,B0019ROD42,School Bus Driver Clown Mask Costume Accessory,23.51,2144343
71,B000H24IEK,Sally Swashbuckler Pirate Costume - Womens Std.,25.84,2213715
1105,B0049EIXDY,Child Neytiri - Small,29.0,2321776
1118,B004JKJBRA,Harajuku Wig With Bandana - Adult Std.,7.25,2322641
320,B000W5VVM4,Tiger - Kids Costume,19.99,2340593
794,B002R9KGBA,Fabulous Devil Wig Costume Accessory,11.99,2381687
120,B000H8INBI,Plus Size Samurai Costume - Mens Full,40.16,2453538
936,B003R3FAPC,Slayer Commander Child Costume Size 12-14 Large,45.18,2522067
1210,B00567KKOS,Deluxe Boba Fett Costume - Standard - Chest Size 40-44,51.23,2530543
290,B000VI1MCQ,Harry Potter Scarf Costume Accessory,11.94,2550943
869,B003IIQKN2,Devil Black Adult Wig,11.99,2565326
308,B000VOCOPY,Black Faux Leather Cowboy Hat - Adult Std.,13.95,2614617
0,B00001U01I,Rubies Black Death Robe Grim Reaper Adult Halloween Costume,17.5,2678827
1072,B0043P0HHE,Mens Ringmaster Costume,48.0,2777234
241,B000ROE39I,Rubies Plastic Clown Nose,4.95,2872078
471,B001DNEE6E,Batman Dark Knight Belt,17.91,2872641
76,B000H3UI5C,Rubies Cavalry Sword,4.0,2902928
1020,B00412NYJM,Super Deluxe Elvira Costume - X-Small - Dress Size 2-6,78.6,3073927
594,B001UK15FS,Jedi Robe Adult Costume - Adult Std.,19.8,3402864
