,Asin,Title,Sentiment_Score,Count
0,B0002M7PWW,Yaktrax Walker Traction Cleats for Snow and Ice,neg,65
1,B000072UMJ,Converse Unisex Chuck Taylor Classic Colors Sneaker,neg,44
2,B00006XXGO,Converse Unisex Chuck Taylor All Star Hi Top Black Monochrome Sneaker,neg,44
3,B0000CNR1L,"Household Essentials Hanging Cosmetic and Grooming Travel Bag, Black",neg,35
4,B0001XLP9Q,Black Military Straight Shirt Stays 4 Pack,neg,25
5,B000074RL3,Enell High Impact Sports Bra,neg,24
6,B0002USAW8,Capezio Daisy 205 Ballet Shoe (Toddler/Little Kid),neg,24
7,B0002IC652,P&amp;P Inc. Vintage Retro Mirror Aviator Sunglass,neg,20
8,B0002UCES4,Underworks Post Delivery Belt - Maternity Belt - Belly Band,neg,19
9,B00008KH9C,SPANX POWER PANTIES Style# 004,neg,19
10,B000051SEN,"Suunto Vector Wristop Computer with Compass, Altimeter &amp; Barometer",neg,19
11,B00004SR8Z,Lewis N. Clark Deluxe Neck Stash,neg,19
12,B00024QZX0,Rainkist Umbrellas Star Automatic,neg,19
13,B00004U1J2,Buzz Lightyear Jet Pack,neg,18
14,B0002JA0WC,Non Skid Socks - Hospital Socks - 6 Pack,neg,16
15,B0000B35D8,Duragold 14k Gold Hoop Earrings (0.6&quot; Diameter),neg,16
16,B0000AOE9X,Jango Fett Blasters &amp; Holster Set,neg,15
17,B00005TQI7,Kidoozie My First Purse,neg,14
18,B0000B35D3,Duragold 14k Yellow Gold Half-Round Hoop Earrings,neg,14
19,B0002FHIM6,Fruit of the Loom 5.4 oz.Cotton T-Shirt,neg,14
20,B0000B35EQ,Duragold 14k Gold 8mm Ball Studs,neg,13
21,B00022JPNE,Rothco VINTAGE PARATROOPER FATIGUE,neg,13
22,B0001BUK9E,Medela Postpartum Support Large/X-Large (28-34 inch),neg,12
23,B00004SR9P,Lewis N. Clark Add-A-Bag Luggage Strap,neg,11
24,B000026D6I,Creative Labs Nomad Jukebox (Blue),neg,11
25,B0001WD5RC,The No Headache Visor-Midsize,neg,10
26,B0000B35EM,Duragold 14k Gold 7mm Ball Studs,neg,10
27,B0001VNCJ4,Rothco Canvas Map Case,neg,10
28,B0001VWSFS,The &quot;Original&quot; No Headache Visor,neg,10
29,B0000B35EI,Duragold 14k Gold 5mm Ball Studs,neg,10
30,B0000B35EG,Duragold 14k Yellow Gold 4mm Ball Stud Earrings,neg,10
31,B0002FHIMQ,"Fruit Of The Loom Mens 5 Oz., 100% Heavy Cotton Hd&reg; Long-Sleeve T-Shirt",neg,10
32,B0002EJ4XS,EMT Pants,neg,9
33,B0000X5EJO,"Buster Brown 100% Cotton Socks, 6-pk",neg,9
34,B00023K3YS,Sterling Silver Celtic Knot Blue Topaz Hook Earrings,neg,9
35,B0001ZQH74,Travel Accessories Samsonite Windguard Auto Open Umbrella Navy/Burgundy,neg,8
36,B00008673Z,Fancee Free Extra Support Nursing Bra,neg,8
37,B00013D2NI,Slimmy - A Super Slim Wallet Alternative,neg,8
38,B00007GD9I,Buxton Heiress Organizer; Clutch,neg,8
39,B0000869QI,Fashion Forms 2001 Os Wht Strap Connection,neg,8
40,B0000B35EL,Duragold 14k Gold 6mm Ball Stud Earrings,neg,7
41,B00024WL92,Voguestrap TX877761 Allstrap 16-20mm Black Adjustable-Length Fits Fast-Wrap-Expedition Watchband,neg,7
42,B00029R84A,"Top Load Canvas Duffle Bags, Military Style Gear Bags",neg,7
43,B00029PJKA,Ultra Force Vintage Camo Boonie Hat,neg,7
44,B00007GDG5,Buxton Heiress Ensemble Clutch,neg,7
45,B00007IVVR,Braza Adhesive Bra,neg,7
46,B00021NXSI,Buxton Heiress Ladies Cardex,neg,7
47,B0000B35DB,"Duragold 14k Yellow Gold Hoop Earrings, (2&quot; Diameter)",neg,7
48,B00023K6CW,"1mm Nickel Free Sterling Silver Italian Snake Chain Necklace(Lengths 14&quot;,16&quot;,18&quot;,20&quot;,22&quot;,24&quot;,30&quot;,36&quot;)",neg,7
49,B0000AOEA4,Inflatable Sumo Costume with Battery Operated Fan,neg,7
50,B0001MLMKY,Swatch GB743 once again white dial rubber strap unisex watch NEW,neg,7
51,B0000B35GL,"Duragold 14k Yellow, White, or Two-Tone Gold Satin and Polished Crossover Hoop Earrings",neg,7
52,B00024REYE,Rainkist Umbrellas Bubble,neg,6
53,B00024WB4C,New Ironman Rubber Band,neg,6
54,B00007GDAL,Buxton Heiress Double CardexTM,neg,6
55,B00006I5U9,"Samsonite Oyster 29&quot; Cartwheel, Black",neg,6
56,0000031887,Ballet Dress-Up Fairy Tutu,neg,6
57,B0001BUK9O,Maternity Support in Nude: S-M,neg,6
58,B0000AX6DE,Scrusher Boot &amp; Shoe Brush,neg,6
59,B0000TSQ8Y,DryGuy GripOns Ice and Snow Traction,neg,6
60,B0000BVGNJ,Haier HU335W Ultrasonic Cleaner,neg,6
61,B0000ZCB7U,Bali Lacy Skamp Brief Panty,neg,6
62,B0002RBM6W,Clear Rain Coat with Hood,neg,6
63,B0000B35D9,Duragold 14k Gold Hoop Earrings (1&quot; Diameter),neg,6
64,B00004SR8W,Lewis N. Clark Neck Stash,neg,6
65,B00001WRHJ,Toy Story 2: Woody Deluxe Costume - Variation Parent,neg,6
66,B0001IA06U,Bravado Original Nursing Bra Style 1011,neg,6
67,B0002NYUAQ,Jerzees 8 oz. NuBlend 50/50 Pullover Hood,neg,6
68,B0000A9Y6O,Kids Padme Amidala Blaster &amp; Holster,neg,6
69,B0001I9WMI,Bravado Designs Womens,neg,5
70,B00009WM7J,Timberland 6 Inch Premium Waterproof Boot (Big Kid),neg,5
71,B0000B35GE,Duragold 14k White Gold Hoop Earrings,neg,5
72,B000147UNU,Enell sports bra,neg,5
73,B0000UZ5P0,Connoisseurs Silver Polishing Cloth,neg,5
74,B00022F4K2,"Sterling Silver Photo Ball Locket For Six Pictures, 9/16 inch",neg,5
75,B000086778,Braza Happy Straps,neg,5
76,B00023K3V6,"Sterling Silver Celtic Claddagh Puzzle Band Ring(Sizes 6,7,8,9,10,11,12)",neg,5
77,B0002NYVOG,"8 oz., 50/50 NuBlend&reg; Fleece Crew",neg,5
78,B0002NZAVO,Port Authority Interlock Mock Turtleneck (K321) Available in 10 Colors,neg,5
79,B0002D8GFG,"Sterling Silver Floating Heart Necklace Flawless Quality, 3/4 x 3/4 inch wide",neg,5
80,B0002MIXYG,Sperry Top-Sider Mens Largo Slip-On Casual Shoes,neg,5
81,B0002NYQN2,Hanes Comfortblend Crew Sweatshirt # P160,neg,5
82,B00022RYDM,Russ Athl Perf Crew Sock - M 12 Pr/Pk,neg,4
83,B00023S8IQ,Custom LeatherCraft 110 RED Heavy Duty Work Suspenders,neg,4
84,B0000A53UX,K-Swiss 201 Classic Tennis Shoe (Infant/Toddler),neg,4
85,B00024WB24,Voguestrap TX22G3 Allstrap 22mm Black Regular-Length Fits Casio Data Bank Watchband,neg,4
86,B00024WBXI,"Voguestrap TX45318HN Allstrap 18mm Honey Regular-Length Tile Crocodile Calf Watchband, Gold buckle",neg,4
87,B00008IOHR,Fantasie Smoothing Full Cup Underwire Bra,neg,4
88,B0000TSILY,DryGuy Circulator Footwear Dryer Warmer,neg,4
89,B00024WBTW,Voguestrap TX41718BN Allstrap 18mm Brown Regular-Length Distressed Leather Watchband,neg,4
90,B0002QVGAA,G.I. Extreme Cold Weather Polypropylene Bottoms,neg,4
91,4911850813,Casio Sea Pathfinder Black SPF-60-1AV,neg,4
92,B0002RIKFI,Adjustable Captain Hat-White Flagship,neg,4
93,B00001U07U,Wizard Of Oz Dorothy Costume,neg,4
94,B0000U5BYU,Timex Mens Watch #T53722 (Discontinued by Manufacturer),neg,4
95,B0001KHMZU,Talking Watch Unisex,neg,4
96,B00024WC8W,Voguestrap TX48320BK Allstrap 20mm Black Regular-Length Padded Genuine Calf Watchband,neg,4
97,B00001OGXK,Deluxe Austin Powers Accessory Kit,neg,4
98,B00001O36V,Deluxe Austin Powers Costume,neg,4
99,B00024ALOO,Bella Ballerina Home Ballet Studio,neg,4
100,B0002MSA4O,American Made Apparel Premium Fitted T-Shirt - A - Heather Grey Stripe 20010 M,neg,4
101,B0001LU1GQ,Stylish M - Series Sunglasses - Style 9001,neg,4
102,B0001ZT07I,Rainkist Umbrellas Razor,neg,4
103,B00007GDD3,Buxton Double-Flap Mini-Bag with Total Wallet Organization,neg,4
104,B0000TIJOA,Timex Ironman T53331 Triathlon 30-Lap Traditional Fullsize Watch,neg,4
105,B00004U3LH,Tin Man Teen Costume,neg,4
106,B0002AAPQM,Earcuff 9DSS Sterling Silver,neg,4
107,B00029R7Y6,Venturer Excursion Organizer Bag,neg,4
108,B00018TMDC,Mens 100% Cotton Military T-Shirt,neg,4
109,B000158R2M,"Mizuno Breath Thermo Run Glove, Black, Large",neg,4
110,B0002A4K04,Soffe Juniors Athletic Short,neg,4
111,B0000867AN,Shadowline Long Gown with Flower Petal Embroidery and Flutter Sleeves (32280),neg,4
112,B0000ZSJ9E,FLA Activa 20-30 mmHg Athletic Support Sock Over the Calf - Various Sizes,neg,3
113,B00023DCRS,Jobst For Men Firm Support Over-the-Calf Dress Socks,neg,3
114,B00023HUXK,Wild Planet Spy Gear&reg; XP-6 Spy Watch,neg,3
115,B0002UD2YO,Dickies Boys 8-20 Pleated Front Pant - School Uniform,neg,3
116,B00023JMZE,"2mm Sterling Silver Box Chain Italian Necklace(Lengths 16&quot;,18&quot;,20&quot;,22&quot;,24&quot;,30&quot;)",neg,3
117,B0001MBJS4,Satchel-style Leather Executive Briefcase - Black,neg,3
118,B0000B35G6,Duragold 14k White Gold Hoop Earrings (0.85&quot; Diameter),neg,3
119,B0000A50X5,K-Swiss 801 Classic Tennis Shoe (Big Kid),neg,3
120,B0002SNPDO,Solar Safari Cool Hat,neg,3
121,B0002JUEKU,Parrot Hawaiian Shirt,neg,3
122,B0000AT3NT,Champion Sports Elastic Uniform Belt,neg,3
123,B0002NZ1S6,Port &amp; Company Youth Cotton T-Shirt,neg,3
124,B00020J0ZO,Timex Unisex T40131 Metal Field Expedition Classic Analog Watch,neg,3
125,B00004SRA8,Lewis N. Clark Original Neckrest Inflatable Pillow,neg,3
126,B0000AFSX4,Timberland 6&quot; Premium Waterproof Boot (Toddler/Little Kid/Big Kid),neg,3
127,B0000AIY04,Jango Fett Deluxe Costume,neg,3
128,B00014DZ2K,AmeriLeather Leather Toiletry Bag,neg,3
129,B0000B35D5,Duragold 14k Yellow Gold Round Hoop Earrings,neg,3
130,B00009EPE7,Mike Candy Catcher,neg,3
131,B0002VG2U4,Betula Licensed by Birkenstock Black Suede Clog Size: 41,neg,3
132,B0001DYW9G,Two Tone Thi Hi W Backseam Costume,neg,3
133,B00023JPMO,2mm Sterling Silver 22&quot; Diamond-Cut Rope Chain Necklace,neg,3
134,B0000CDLOS,Dosh Magic Wallet,neg,3
135,B0002C9KDY,Betula Licensed by Birkenstock 2 Strap Taupe Sandal Size: 41,neg,3
136,B0000E1VS3,Earring Holder-Clear Acrylic-Holds 37 Pairs! (Clear) (10&quot;W x 3 7/8&quot;D x 4 1/2&quot;H),neg,3
137,B0000TIJ6I,Timex Midsize T48013 Expedition Outdoor Performance Chrono Alarm Timer Watch,neg,3
138,B0002CKDLM,Air Force Style Military Flightsuit Coveralls,neg,3
139,B0001GOPZ4,Kendal Large Digital Ultrasonic Cleaner for Jewelry Watch DVD with 750ml tank 3818,neg,3
140,B0001GZ9YK,"Flat Shoe Laces 45 inch, 54 inch, 63 inch",neg,3
141,B00024WB1K,Voguestrap TX2232 Allstrap 22mm Black Regular-Length Fits Casio Sport Watchband,neg,3
142,B0000C0SE2,Voguestrap TX577721 Allstrap 18mm Black Regular-Length Fits Ultra Sport Watchband,neg,3
143,B0002CVMVC,Sterling Silver Heart Charm Toggle Bracelet 7 and 1/2&quot; in Length. The Heart Charm Measures 1/2&quot; wide by 1/2&quot; High And The Bracelet Is 5mm Wide,neg,3
144,B0000TSIKK,DryGuy Thermanator Boot and Shoe Dryer,neg,3
145,B00007KQDT,Medela Comfort Nursing Bra - White - L,neg,3
146,B0000C0SCZ,Voguestrap TX1955 Allstrap 19mm Black Long-Length Fits Casio Illuminator Watchband,neg,3
147,B0002EJ1R2,"Mens Shirt - Uniform Short Sleeve, Navy Blue by Rothco",neg,3
148,B0002FHIWQ,Hanes Unisex Beefy-T 100% Cotton Long Sleeve T-Shirt,neg,3
149,B0002FZRD8,Fantasie Smoothing Molded Underwire Balcony Bra,neg,3
150,B00023K9B0,OM Hindu Symbol of the Absolute Sterling Silver Pendant,neg,3
151,B0002IBKQI,Sterling Silver and Crystal Star Hoop Earrings by Paris Hilton,neg,3
152,B00023K1Y0,"Faith, Hope, and Love Silver Bead Stretch Bracelet Set",neg,3
153,B0002IBKJU,"Sterling Silver, Stainless Steel and Crystal Heart Belly Bar, 1&quot; by Paris Hilton",neg,3
154,B0002VAN2W,Military Urban Street Caps,neg,3
155,B00023K3ES,Catholic Sterling Silver Rosary Beads 24&quot; Necklace with Crucifix,neg,3
156,B00023K0LO,Diamond-Cut 3mm Wide Sterling Silver 20&quot; Figaro Chain Necklace Italian Made,neg,3
157,B0000AUTD6,Texsport Zippered Canvas Duffel Bag,neg,3
158,B0001XNTJK,Toddler Frankenstein Costume,neg,3
159,B000162DGM,Frogg Toggs Classic Pro Action Suit,neg,2
160,B00015VKG2,Blomdahl Imitation Peridot Medical Plastic Earrings,neg,2
161,B00017701Y,i play. BestBibLongSleeve2pk-Girl,neg,2
162,B0002PT266,Hey Viv! Poodle Skirt Crinoline - Adult Sz,neg,2
163,B0002A82A8,The Original MuckBoots Adult Wetland Boot,neg,2
164,B0002PZZBM,"Mens T-Shirt - Navy Physical Training, Gray by Rothco",neg,2
165,B0002PZZCG,Navy Blue With Gold Logo Official Navy Seals Team Logo T-Shirt,neg,2
166,B0000CNR1H,"Household Essentials Nylon Polyester Garment Bag, Black",neg,2
167,B0002VG37G,Betula Licensed by Birkenstock Mocha Nubuk Clog Size: 45,neg,2
168,B0000DD6C2,Custom LeatherCraft 110USA Heavy Duty USA Flag Elastic Suspender,neg,2
169,B0000DZUZ1,"Kiwi Camp Dry Performance Fabric Protector, 10.5 oz",neg,2
170,B0000TIJ6S,Timex Unisex T48021 Expedition Classic Digital Outdoor Performance Chrono Alarm Timer Watch,neg,2
171,B0000TQJW4,"Timex Mens Brown Leather Fashion Watch, Indiglo, Date, 10 Year Battery, 50 Meter, 21713",neg,2
172,B0000TW2AC,Sheer Thigh High Nylon Stocking,neg,2
173,B0000U0LSQ,Timex Speed + Distance System GPS Watch,neg,2
174,B0002VG2QS,Newalk Licensed by Birkenstock Brown Leather Clog Size: 46,neg,2
175,B0000VBYEA,Dexter SST1 Mens Black Bowling Shoes,neg,2
176,B0000VA1XU,Swiss Army Unisex Watch 24720,neg,2
177,B0000ZD16U,The Slenderizer by Body Wrap #47200,neg,2
178,B0002VANXQ,"Mens Military Hat - Jungle Hat, Savage Orange Camo by Rothco",neg,2
179,B0002V7ZIC,Swiss Army Unisex Watch 24721,neg,2
180,B0002UUBV6,Capezio Unisex 442 Tapster Tap Shoe,neg,2
181,B000147M0Q,Va Bien Strapless Lowback Bodysuit with Legs (1294),neg,2
182,B0002TBQP2,SPANX Mama Spanx Full Length Pantyhose Hosiery,neg,2
183,B0002RG604,&quot;Aspiration&quot; Pointe Shoe,neg,2
184,B0002QVHCC,Capezio Girls 7-16 Ultra Soft Footed Tight,neg,2
185,B0002PR25Y,Silver Forest Turquoise Filigree Earrings One Size,neg,2
186,B0002MFU3I,Hanes Crewneck Boys T-shirt 3 Pack - 2138,neg,2
187,B0001DZDKS,Casio - PQ131HK,neg,2
188,B0001F32UO,Baggallini Luggage Large Zipout Shopping Bag,neg,2
189,B00023K3EI,Diamond-Cut 3mm Wide Sterling Silver 24&quot; Figaro Chain Necklace Italian Made,neg,2
190,B00023K6G8,"Sterling Silver Celtic Knot Red Garnet Ring(Sizes 4,5,6,7,8,9)",neg,2
191,B00023K8RK,Turquoise Blue Lapis Reversible Sterling Silver Pendant,neg,2
192,B0000C6ASJ,"High Sierra 30&quot; Wheeled Duffel with Backpack Straps (Mocha, Clay, Black)",neg,2
193,B00023K7SK,"Sterling Silver Celtic Knot Puzzle Band Ring(Sizes 5,6,7,8,9,10)",neg,2
194,B0002FHGBO,Authentic Pigment 1941 Pigment-Dyed Cotton Boxy,neg,2
195,B00024EZ50,Kids US Navy Type Black Peacoat,neg,2
196,B0002FHG5A,Authentic Pigment 11561 11 oz. Pigment-Dyed Ringspun Cotton Fleece Crew,neg,2
197,B0002EWKTS,TECHKEWL Phase Change Cooling Vest (1 vest),neg,2
198,B00024W9YY,Voguestrap TX1802BK Allstrap 18mm Black Adjustable-Length Casuals Solid Nylon-Black Watchband,neg,2
199,B00024WAPW,Voguestrap TX16G14 Allstrap 16mm Black Regular-Length Fits Casio G-Shock and Tri-Graph Watchband,neg,2
200,B0002D0IAW,Zildjian Black Baseball Cap (Gold Logo),neg,2
201,B00024WASE,Voguestrap TX1852 Allstrap 18mm Black Regular-Length Fits Casio and Other Sport Watchband,neg,2
202,B00027CJT6,Tommaso Design Oval 7x5 Genuine Sapphire Earrings Studs White Gold,neg,2
203,B0002CKDAI,SKI &amp; Rescue Suit - Black,neg,2
204,B000283CLO,Rothco Mens UF BDU Short Olive Drab R/S,neg,2
205,B000283BVA,Military Type Boxer Shorts Brown Boxers - Available In Several Sizes,neg,2
206,B00028NLRE,Dickies Girls 7-16 Flat Front Pant - School Uniform,neg,2
207,B000291G3E,Floto Luggage Venezia Briefcase,neg,2
208,B00029P57C,Woodlore Ultra Shoe Tree,neg,2
209,B0002C81BQ,"Freshwater Cultured Potato Pearl 9.0-10.0mm Necklace, 17&quot;, and 9.0-9.5mm Stud Earring Set",neg,2
210,B00029U2IY,"14k Gold Endless Hoop Earrings | Medium Size, 22mm or 7/8&quot; diameter | 1mm thick seamless look eternal loop | Flexible Children/Adult Perfect Fit Design | HYPOALLERGENIC",neg,2
211,B00029U2G6,"Extra Large (XL) 14k Gold Hoop Earrings, 2&quot; or 50mm diameter, 2x50mm HYPOALLERGENIC - NO SALES TAX",neg,2
212,B0002IBKQS,"Sterling Silver and Crystal Star Pendant on Satin Cord, 17&quot; by Paris Hilton",neg,2
213,B00023JQIW,2mm Sterling Silver 24&quot; Bead or Ball Chain Necklace,neg,2
214,B00023JONO,2mm Sterling Silver 20&quot; Diamond-cut Rope Chain Necklace,neg,2
215,B0001ZUVAI,Swatch LB153 something new white dial black plastic strap women watch NEW,neg,2
216,B0001FF80G,Dopp Jumbo Kit w/ Zip Bottom,neg,2
217,B0001FF90A,Samsonite Attache Expandable Leather Attache,neg,2
218,B0001FT2PS,AmeriLeather Leather Money Clip,neg,2
219,0123456479,SHINING IMAGE HUGE PINK LEATHER JEWELRY BOX / CASE / STORAGE / ORGANIZER WITH TRAVEL CASE AND LOCK,neg,2
220,B0001KOBJ0,"10K White Gold, Diamond Heart Pendant, 1/20 ctw.",neg,2
221,B0001NLP78,Kipling Ridge Backpack,neg,2
222,B0002NYMD6,Hanes Ultimate Cotton Crewneck Adult Sweatshirt,neg,2
223,B0001XLSWA,Unisex Anorak Self Packable Jacket ROYAL S,neg,2
224,B0001YRMW4,Dickies Mens 13 Inch Loose Fit Cargo Short,neg,2
225,B0001ZMD4A,Stormbreaker Jacket XXXXX-Large Maroon,neg,2
226,B000200JQI,Women&#65533;s Featherweight Jacket ORANGE 5XL,neg,2
227,B00023JPA6,Victorian Style Framed Garnet Sterling Silver Earrings,neg,2
228,B00020J1L2,Timex Triathlon Digital Heart Rate Monitor Watch,neg,2
229,B0002LTGE8,Naturalizer Scout Wide Open Toe Slingback Sandals Shoes Blue Womens New/Display,neg,2
230,B0002LI70C,Cross Your Heart Lace Soft Cup Style # 121 121 38D White,neg,2
231,B0002KBQKG,Childs Sterling Silver 14&quot; Inch Box Link Chain Necklace,neg,2
232,B00022MM16,Gryffindor Robe,neg,2
233,B0002IBKR2,"Sterling Silver and Crystal Heart Pendant on Satin Cord, 16&quot; by Paris Hilton",neg,2
234,B0002321RK,QT Strapless Convertible Bustier Bra (1100),neg,2
235,B00023DCLY,"Jobst for Men Moderate Support Over-the-Calf Dress Socks Black, Large",neg,2
236,B00023JMYA,Italian 1mm Sterling Silver 24&quot; Box Link Chain Necklace,neg,2
237,B00023JMYU,2mm Sterling Silver 24&quot; Diamond-cut Rope Chain Necklace,neg,2
238,B0000C9W7J,elope Seuss Cat In The Hat,neg,2
239,B0002X6WPM,Boss Gloves 244LL Large Fingerless Ragg Wool Gloves,neg,2
240,B00006AMC8,Laser Challenge Neutralizer,neg,2
241,B00004SR8Y,Lewis N. Clark Deluxe Waist Stash,neg,2
242,B00006M4B1,"Pure Cotton Handkerchiefs (WHITE, ONE SIZE)",neg,2
243,B0000A92ON,Bugs Bunny Costume,neg,2
244,B00007GD8X,Buxton Check Clutch Mini Bag On A String,neg,2
245,B0000BYA3V,Sterling Silver Money Clip w/Engraved  Design,neg,2
246,B0000AZ10J,14k Yellow Gold Four Prong 7x5mm Oval Aquamarine Stud Earrings,neg,2
247,B0000AZ10F,14k Gold Emerald-Cut Gemstone Studs,neg,2
248,B0000AOXKX,"Freshwater Cultured Pearl 3.0-7.5mm Necklace, 18&quot;",neg,2
249,B00009LZPL,"Aeromax Jr. Train Engineer Suit, 4-6",neg,2
250,B00007GK0Y,PalmBeach Jewelry Crystal Cat Pin in Yellow Gold Tone,neg,2
251,B00009OXD7,Minnie Mouse Classic - Size: Child M(7-8),neg,2
252,B00004SRB3,"Lewis N. Clark Motion Relief Wristbands, Grey",neg,2
253,B0000C123Y,Boot Pulls,neg,2
254,B00007FPNN,PalmBeach Jewelry 2.20 TCW Pear Cut Blue Genuine Topaz Sterling Silver Drop Earrings,neg,2
255,B000073TM3,Timberland Field Boot (Toddler/Little Kid/Big Kid),neg,2
256,B00009R881,Domke F-2 Original Bag (Black),neg,2
257,B0000B12HF,Texsport Mosquito Head Net Olive Drab,neg,2
258,B0000B3DUK,TYR Goggles Case,neg,2
259,B00001TQ1X,Toto in the Basket,neg,2
260,B00009ZIOU,Butterfly 5pc Dress Up Set,neg,2
261,B0000B35DU,Duragold 14k Yellow Gold Mirrored Bead Hoop Earrings,neg,2
262,B0000A504H,K-Swiss 501 Classic Tennis Shoe (Little Kid),neg,2
263,B000078CYM,AmeriBag X-Small Distressed Nylon Healthy Back Bag Tote,neg,2
264,B0000C0SE4,TIMEX Replacement Watch Strap [Black],neg,2
265,B0000AZ0YO,14K Yellow Gold Four Prong 5mm Round Peridot Stud Earrings,neg,2
266,B00006CFCY,Adult Wicked Queen Costume,neg,2
267,B0000C3ELM,"Dockers&reg; Flat-front, No Wrinkle Twill Pants KHAKI 36W x 36L",neg,2
268,B0000867GG,Berkshire Kicks Silky Sheer Stockings - Sandalfoot 1550,neg,2
269,B00006I596,Travel Smart by Conair Neck Security Pouch,neg,2
270,B0000634SW,Disney Interactive Magic Wand With 3 Princesses,neg,2
271,B0000AWHAA,China Silk Black Balaclava,neg,2
272,B0000C3G7K,Harbor Bay Big &amp; Tall Elastic-Waist Denim Jeans,neg,2
273,7549000212,Spongebob Squarepants Adult Size Cartoon Mascot Costume,neg,2
274,B0000AUYUZ,Stetson Airway Panama Straw Hat,neg,2
275,B0000864CZ,Braza Petal Tops,neg,2
276,B0000AWM3B,"GUIDE GEAR CHAMOIS SHIRT, WINE, LG",neg,2
277,B0000867ME,"Bali Sky Bali Longline Wire-free Bra, 42DD-White",neg,2
278,B00008681R,1712 2x White Leading Lady Maternity Belt,neg,2
279,B0002A6US4,Classic Retro Washed Paratrooper Canvas Shoulder Bag - Unisex,neg,1
280,B0002A6VU6,U.S. Navy Type Peacoat,neg,1
281,B0002FHINA,"Fruit Of The Loom Boys Youth 5 Oz., 100% Heavy Cotton Hd&reg; T-Shirt",neg,1
282,B0002D8G24,"Sterling Silver Cubic Zirconia Initial Letter T Alphabet Pendant, 1/2 inch long",neg,1
283,B00006I55K,Casio - W571AV,neg,1
284,B00029X95C,"Sterling Silver Saint Michael Medal 3/4 inch Round Made in Italy, Free 24 inch Surgical Steel Chain",neg,1
285,B00029W3SG,Safari Outback Jacket with Zip-Off Sleeves (shown without sleeves),neg,1
286,B00029U2IO,"Small 14k Yellow Gold Men/Baby/Children Endless Eternal 12mm (1/2&quot; or 0.5&quot; diameter) Hoop Earrings, Flexible Perfect Fit Design, HYPOALLERGENIC",neg,1
287,B000073250,Travelon Stow-Away Tote Bag - Black,neg,1
288,B00029U1GC,"14k White Gold 4mm Ball Stud Earrings, Medium (M) Size, Hypoallergenic - $38.99 SALE - No Sales Tax. exc MA",neg,1
289,B00006BSTB,Yu Gi Oh Child Halloween Costume: Size Small 4-6,neg,1
290,B0002FQBL0,Sterling Silver Mesh Chain Bracelet with Blue Topaz and Heart Shaped Toggle Clasp,neg,1
291,B000078QJV,Rolfs Nostalgia Collection Retriever Clutch (Black),neg,1
292,B000074ULT,"Fossil Buzz ( sz. One Size Fits All, Black/Red Flash )",neg,1
293,B0002AWJY8,Cart Smart Rolling Foldable Shopping Bag - (PURPLE only in stock.),neg,1
294,B00006I5YE,TIMEX 51081 Ironman Triathlon Watch,neg,1
295,B000072YHL,Mountainsmith Dog Pack,neg,1
296,B00006MM6V,"Classic Cotton End-On-End Boxer (BLUE, 32)",neg,1
297,B0002D1NJC,Mini Pistol Belt - Military Belt that Fits B.D.U Belt Loops,neg,1
298,B0002DG7ZM,50321 S Aqua Miss Elaine Long Flutter Sleeve Gown,neg,1
299,B0002E47K8,"Sterling Silver Huggie Earrings U-Shape Flawless Finish, 7/16 inch",neg,1
300,B0002D0K9G,Martin V720 Vega Tenor Banjo Strings,neg,1
301,B00006MN51,"Knot Stud Set (SILVER, ONE SIZE)",neg,1
302,B00006M2ZX,"Cotton Lisle Over-The-Calf Socks (NEW OLIVE, OVER CALF)",neg,1
303,B0002CSBH0,Metal Zydeco Tie,neg,1
304,B00006M009,"Traveler Pinpoint Solid Buttondown Collar Dress Shirt (PINK, 17 1/2 33 SLEEVE)",neg,1
305,B000071X5Q,"Traveler Packable Hat (BLACK, X-LARGE)",neg,1
306,B00006J6U2,"Timex Reef Gear Diver Style, Indiglo, Stainless Steel Bracelet",neg,1
307,B00006ME9C,"Traveler Pinpoint Solid Buttondown Collar Dress Shirt Big or Tall (WHITE, 18 1/2 36 TALL)",neg,1
308,B0002C78XS,Tommaso Design Oval 8x6mm Genuine Aquamarine Pendant White Gold,neg,1
309,B00006M00B,"Traveler Pinpoint Solid Point Collar Dress Shirt (PINK, 17 1/2 33 SLEEVE)",neg,1
310,B0002C6MZS,Disney Princess: Deluxe Tinkerbell Dress Up Costume - Fits Up to Size 6X,neg,1
311,B0002BVQP0,Deftones Skate Embroidered Keychain,neg,1
312,B0002EPCRA,Leather Briefcase-Rawlings Baseball Glove Leather 2 Gusset Computer Brief (Black),neg,1
313,B0002BQP4C,14kt White Gold Hoop Earrings- ES1423,neg,1
314,B0002B6OTS,Longline Convertible Bustier,neg,1
315,B0002D8GGA,"Beautiful Sterling Silver Classic Valentine Floating Heart, 7/8 in. long X 1 in. wide",neg,1
316,B00007AS82,"Kipling Lancelot Flap Shoulder Bag, True Blue, One Size",neg,1
317,B0000C6BO6,"Zina Sterling Silver Pendant With Blue Topaz From The Metro Collection, 17&quot;",neg,1
318,B00007FCLC,PalmBeach Jewelry 10.75 TCW Emerald-Cut Smoky Quartz Ring in 14k Gold-Plated,neg,1
319,B0000864JU,Aviana Underwire Minimizer,neg,1
320,B00007LXM0,PalmBeach Jewelry Elephant Ankle Bracelet in Yellow Gold Tone 10&quot;,neg,1
321,B00007LVZ1,PalmBeach Jewelry 5-Piece Multi-Gemstone Earring Set,neg,1
322,B0000861GT,Champion Jogbra Action-Shape Sports Bra Womens,neg,1
323,B00024WLCY,Voguestrap TX973581L Allstrap 13-16mm Black Long-Length Fits Fast-Wrap-Fits Expedition Watchband,neg,1
324,B00024WLDI,Voguestrap TX982431 Allstrap 13-16mm Black Adjustable-Length Fits Fast-Wrap-Ironman Watchband,neg,1
325,B0000863V8,Aviana Wire-Free,neg,1
326,B0000864RQ,Individual Bra Extenders,neg,1
327,B00024WL7E,Voguestrap TX862962 Allstrap 16-20mm Blue Adjustable-Length Fits Fast-Wrap-Ironman Watchband,neg,1
328,B0000861KX,Va Bien Seamless Minimizer Bodysuit 701,neg,1
329,B00024WL9W,Voguestrap TX882202 Allstrap 12-16mm Black Adjustable-Length Fast-Wrap Fits Ironman Watchband,neg,1
330,B0000865VS,4618 M Black Cuddl Duds Square Neck Camisole,neg,1
331,B00024VR9M,"Sterling Silver Mezuzah Pendant w/ no parchment, 2 inch",neg,1
332,B0000867QZ,Cortland Back Support Bra,neg,1
333,B00029R7NC,Reversible 3/4 Length Rain Parks (Not for Sale in California),neg,1
334,B00024P8CE,Netpack 21&quot; Ballistic Nylon Cargo Duffel,neg,1
335,B00024EZPK,Kids Ultraforce Ranger Vest,neg,1
336,B00024EK0U,U.W.Bra Open-Cup,neg,1
337,B00024BM6A,Camouflage T-shirt for Kids,neg,1
338,B00024BM9W,JR. G.I. Kids Long Sleeve T-Shirt,neg,1
339,B000248PVU,Military Style Commando Wallet in Camouflage,neg,1
340,B0000867O5,Lady Romance Pantliner,neg,1
341,B000248PYC,Cotton Money Belt and Passport Holder / Travel Accessory,neg,1
342,B000246N1O,GUESS G66390G Black Cuff Leather White Dial Men WATCH NEW,neg,1
343,B0000867ON,Berkshire All Day Sheer Thigh High - Queen Sizes 1590,neg,1
344,B00023JY4I,2mm Sterling Silver 22&quot; Bead or Ball Chain Necklace,neg,1
345,B00023JX7Q,Extra-Long 2mm Sterling Silver 36&quot; Diamond-Cut Rope Chain Necklace,neg,1
346,B00024WAJI,14mm Antique Croco Grain Ladies Watch Band By Timex Long,neg,1
347,B00007GN57,PalmBeach Jewelry 5.08 TCW Oval Cut Cubic Zirconia Sterling Silver Aurora Borealis Drop Earrings,neg,1
348,B00024WC8M,Voguestrap TX48319BK Allstrap 19mm Black Regular-Length Padded Genuine Calf Watchband,neg,1
349,B00007GLS2,PalmBeach Jewelry Simulated Lapis Mosaic Globe Pendant Necklace in Yellow Gold Tone,neg,1
350,B00029PHN4,B.D.U. Belt 44&quot; - Available in Various Colors,neg,1
351,B00029PL5S,Sherpa-lined Zipper Hooded Sweatshirts,neg,1
352,B00007FCI7,"Eagle Creek Travel Gear Neck Pouch,Tan",neg,1
353,B00007FPTG,PalmBeach Jewelry 1.08 TCW Round CZ Twist Solitaire Pendant Necklace in Yellow Gold Tone,neg,1
354,B0002FQCYQ,Celtic Pentagram Pendant Necklace with Swarovski Crystal for Achieving Willpower and Success,neg,1
355,B000297L2O,Metallica - Master of Puppets T-Shirt,neg,1
356,B00029432K,Timex 5C291 Data Link Watch with PDA functionality,neg,1
357,B00007FQL7,Pearl Sterling Silver Ring,neg,1
358,B00007FQ54,PalmBeach Jewelry 14.50 TCW Emerald-Cut Smoky Quartz Drop Earrings in 18k Gold-Plated,neg,1
359,B00028IOUI,Lucky Brand Small Hammered Gold Hoop Earrings,neg,1
360,B00007GDBC,Buxton Mountaineer Convertible Billfold,neg,1
361,B00027PPA6,Timex Unisex Watch T59221,neg,1
362,B00027LUIC,Genuine Sapphire 14kt White Gold filligree Ring,neg,1
363,B00027EV1A,Jockey Next to Nothing Boxer Brief Underwear (XL White),neg,1
364,B00027EUXO,Jockey Next to Nothing Poco Brief Underwear (XL White),neg,1
365,B00027DAXU,Oakley Vault 07-016 Oval Sunglasses,neg,1
366,B000275R1I,Seiko Kinetic Auto Relay Mens Two Tone Watch SMA075,neg,1
367,B00026RGL8,Butterfly Princess Costume,neg,1
368,B00026UM9Q,Wigwam Mills Coolmax Hiker,neg,1
369,B00026LH4K,Rothco Ultra Force MA-1 Flight Jacket,neg,1
370,B0002659MQ,Spoon - Michi Tabi,neg,1
371,B00025ODOC,Earspiral TM Earrings 301SGF 14K Gold-filled,neg,1
372,B00025FQIO,Forzieri Montecristo Brown Leather Chronograph,neg,1
373,B000257NRQ,"2-n-1 Small size, *MADE IN USA*, Sock with the Stirrup built in",neg,1
374,B00024WLCE,"TX951012, Timex watchband, Fast Wrap Ironman, 12-16mm, black/blue, adjustable",neg,1
375,B00029BKAI,ColdGear&reg; Legging Bottoms by Under Armour,neg,1
376,B0000696C6,Disguise Transylmaniac,neg,1
377,B0002FQCX2,PROTECTION Magical Talisman Amulet Pendant Necklace,neg,1
378,B0002T40ZK,UrbanSpecs Sunglasses - Driving - Mass Pike - Frame: Black Lens: Driving,neg,1
379,B0002UMZ4W,Digital Mil.-style Utility Shirt Woodland,neg,1
380,B0002UE3JC,Shoulder Savers - White - A110,neg,1
381,957349230X,Sexy Crew Neck Leopard Mini Clubbing Dress Party Clubwear Top,neg,1
382,9620764617,Obey Snapback Black Snapback Hat,neg,1
383,B0002TXOWU,Elope - Harry Potter Professor McGonagall Deluxe Child Hat,neg,1
384,B0002TVB70,Woodlore 3&quot; Suede Bar And 3&quot; Brush,neg,1
385,B0002TPPJU,Single Violet Rose Belly Button Ring,neg,1
386,B0002TPH6G,Single Green Rose Belly Button Ring,neg,1
387,B0002TPPJK,Single Silver Rose Belly Button Ring,neg,1
388,B0002TNEAW,Nirvana - Smiley Soft T-Shirt,neg,1
389,9626819502,Womens Lingerie Underwear Colorful C-String Thong Panty,neg,1
390,B0002TA1V2,Large Sterling Silver 2.5&quot; (65mm) Endless Hoop Hoops Earrings,neg,1
391,B0002T2GW4,Spiral Twister - Arctic Blast Beach Ball Belly Button Ring,neg,1
392,B0002GIVS0,Zildjian Long Sleeve T-Shirt L,neg,1
393,B0002T2HWS,Red Glow-N-Dark Spiral Twister Belly Ring,neg,1
394,B0002SZPQE,Tools Unisex Watch Link Pin Remover,neg,1
395,B0002SPHEY,Purple Paradise Hypnotic Barbell Tongue Ring,neg,1
396,B0002SPH76,Pink Glow In The Dark Barbell Tongue Ring,neg,1
397,9789814259,"Tommy Bahama Fray Day Golf Polo Shirt (Color: Black, Size XL)",neg,1
398,B0002SDQD8,AS JAM REVERSIBLE MODIFIED 40-50 lbs RED/ROYAL (AS-RMJ),neg,1
399,B0002SJ448,Embroidered English Cocker Spaniel T-Shirt Tee,neg,1
400,B0002SCW74,Passion Pink Rose Bouquet Dangle Belly Ring,neg,1
401,B0002S9FQK,Leather Money Clip Wallet and Credit Card Holder 100% Genuine Leather,neg,1
402,B0002RIHSS,Adjustable Captain Hats-White W39S25C,neg,1
403,B0002RIKG2,Adjustable Captain Hat-Navy Flagship W39S25C,neg,1
404,9882105602,Sexy One Shoulder Elegant Draped Bead Stretchy Cocktail Mini Party Dress Club Wear,neg,1
405,B0002UOZ6I,Handshake Lapel Pins (10-Pack),neg,1
406,899634480X,Fila Boys No Show Mesh Ventilation Skele Toes Socks,neg,1
407,8921463240,Hello Kitty LALA Lovely Womens Summer Slippers Shoes Beach Pool Pink US size 6,neg,1
408,B0002V23HA,6.5x7mm A Quality pearl Japanese Akoya cultured pearl necklace 16&quot;,neg,1
409,B0002X4P3S,Sterling Silver 20&quot; Inch Byzantine 3mm Chain Necklace,neg,1
410,B0002X4P5Q,Sterling Silver Blue Topaz Heart and White CZ Pendant and 16&quot; Chain Necklace,neg,1
411,B0002X4P42,Sterling Silver 18&quot; Inch Byzantine 3mm Chain Necklace,neg,1
412,B0002X0AVY,Cute Stretchy Hematite Bracelet,neg,1
413,B0002WS86Y,Tank w/ Beaded Trim by XOXO (WH-White / Medium),neg,1
414,B0002VZXG8,14K white gold 8mm Black Tahitian cultured pearl pendant,neg,1
415,B0002VRTB0,Large Sterling Silver Heart Photo Locket Pendant,neg,1
416,B0002VRTAQ,Sterling Silver 3 Stone Garnet Choker 17&quot; Inch Necklace,neg,1
417,B0002VRT88,Large and Heavy 2.5&quot; Sterling Silver Gothic Dragon Wrapped Two-Barred Cross Pendant 25gram,neg,1
418,B0002VR6ZE,"Contemporary Asian Jewelry Chest / Box (horizontal) - rosewood, 8 fabric lined drawers",neg,1
419,B0002VFCW8,Calvin Klein Baby-Boys Infant Tee with Plaided Short,neg,1
420,B0002VG2XG,Betula Licensed by Birkenstock Taupe Suede Clog Size: 40,neg,1
421,1864502517,Lonely Planet Thailand,neg,1
422,B0002VG35I,Newalk Licensed by Birkenstock Black Nubuk Clog Size: 40,neg,1
423,4971850788,Casio Solar Powered Titanium Triple Sensor Pro Trek PRG60T-7AV,neg,1
424,7211045639,WinWin Korean Fashion Leather Double Wrap Belt Bracelet White,neg,1
425,8181475135,A1 MAX - Anime Costume Party Cosplay Short Curly Wig Red,neg,1
426,B0002VANL8,5891 ULTRA FORCE ACU DIGITAL BOONIE HAT,neg,1
427,B0002VANS6,City Camo Jungle Hat,neg,1
428,B0002V9JAO,Rothco New Grey ARMY T-Shirt,neg,1
429,B0002V9KE4,Black Mock Turtleneck Shirt,neg,1
430,8511000135,Genuine Azabache Against Evil Eye Azabache &amp; Coral Para Los Malos Ojos,neg,1
431,B0002V5W82,GUESS Stainless Steel Bracelet Watch - Black D,neg,1
432,B0002V4NF0,Fushia Pink Chord and Freshwater Pearl Necklace,neg,1
433,B0002V35IG,Boma Oval Lapis Earrings,neg,1
434,B0002RDYMC,Timberland Euro Hiker Boot (Toddler/Little Kid/Big Kid),neg,1
435,9895517319,3 HOLE KIDS SKI MASK WINTER HAT BLACK KNITTED SAS BALACLAVA,neg,1
436,9895517890,EAR MUFFS BLACK SKI WINTER grip wraparound NEW,neg,1
437,B0002LK5Y8,Womens Feathertouch Pull-On Pant,neg,1
438,B00004U3M4,Adult Robin Costume Deluxe - Small,neg,1
439,B0002LCWJ4,Matrix Reloaded Neo Look alike Sunglasses,neg,1
440,B00004ZYD0,New Balance 8505 Running Shoes Mens 18EE,neg,1
441,B000052XTI,"Futuro Beyond Support Ultra Sheer Knee High, Mild Support",neg,1
442,B0002JTUVE,Tri-Color Desert Camo Vintage Paratrooper Fatigues,neg,1
443,B0002JJIXO,14kt Yellow Gold Two-Tone Motorcycle Charm - XAC98,neg,1
444,B00005JHKO,Thomas The Tank Engine Classic,neg,1
445,B0002IXQQA,Shoe Laces 54&quot; (Orange),neg,1
446,B0002ITGOQ,NCAA Oklahoma Sooners Chrome Automobile Emblem,neg,1
447,B0002IROPO,12-Stone Diamond Band in 10K White Gold (1/4 cttw),neg,1
448,B0002IPIHK,Lace Comfort Bra,neg,1
449,B0002ILRZW,Rubies Harry PotterKit,neg,1
450,B0002IGNLU,MacCase MacCase 12&quot; iBook/PowerBook BriefCase (Stealth Black),neg,1
451,B0002IES8U,U.S. Marine Corps Globe &amp; Anchor Headwraps / Du Rag / Do Rag / Do-rag,neg,1
452,B00005U7S9,Timex 90102 Internet Messenger and Pager Wristwatch,neg,1
453,B000066CMC,Star Wars Episode II Attack Of The Clones Force Links Keychain: Slave 1,neg,1
454,B0002IBS92,AmeriLeather Leather 3 pc. Set Traveler (Brown),neg,1
455,B0000696AU,Fat Bastard Adult Costume,neg,1
456,B0002I9ZH4,Toddler or Childs Sterling Silver 6&quot; Jingle Bell Chain Bracelet,neg,1
457,B00023K9HY,Sterling Silver Amethyst Celtic Bangle Cuff Bracelet,neg,1
458,B0002IBKPO,"Sterling Silver Belly Chain w/ Crystal Hearts, 43&quot; by Paris Hilton",neg,1
459,B0002I9ZHE,Dangling Bells Sterling Silver 7.5&quot; Jingle Bell Bracelet,neg,1
460,B0002HR1DA,14k White Gold Letter C Diamond Initial Pendant (1/10ctw),neg,1
461,B0002GQNT4,North Carolina Two Tone Statehood Quarter Bolo Tie,neg,1
462,B0002GIVT4,Zildjian Long Sleeve T-Shirt XL(Black),neg,1
463,B0002LIPSQ,Heather Feathertouch Pull-On Pant,neg,1
464,B00004U3LG,The Wizard of Oz Cowardly Lion Adult Costume,neg,1
465,B00001NFV8,Motocross Rider - Size: Child M(7-8),neg,1
466,B00004U3LC,Sexy Catwoman Costume,neg,1
467,B00001QHXY,Bill Clinton Mask,neg,1
468,B00001QHXX,Richard Nixon Mask,neg,1
469,B0002Q67L8,DC COMICS SUPERMAN SHIELD HOODED SWEATSHIRT,neg,1
470,B0002Q6FNS,"Hanes Classics Low Cut, 10-13-White",neg,1
471,B0002PZYOU,"Mens Camouflage T-Shirt, Desert Camo by Rothco",neg,1
472,B00001T38Y,Star Wars Stormtrooper Deluxe Adult Mask,neg,1
473,B0002PXD4S,Carolina Mens Met Guard SR Safety Leather Boot,neg,1
474,B0002PWQZK,Double-H Boots Men 2282 Western Safety Toe Cowboy Work Boot,neg,1
475,B0002PVJDU,Carolina Opanka Gaucho Wildhorse,neg,1
476,B00001U00V,Rubies Child Official Universal Studios Monsters- Dracula,neg,1
477,B00001TQ34,Spider-Man Adult Halloween Costume,neg,1
478,B0002PNKVE,Adult Hold &amp; Stretch Footed Tights - 14,neg,1
479,B0002P6IEK,"Dexter Handsewn Mens Leather Penny Loafers (9 M, Cordovan)",neg,1
480,B0002OUUKO,Venezia Millefiori Watch - Red Band &amp; Gold,neg,1
481,B00002N7X0,McGuire Nicholas C9 4 Pocket Utility Bib Apron in Natural Cotton,neg,1
482,B000034DKV,Kids Red Ant Hat,neg,1
483,B00004SR9N,Lewis N. Clark  Replacement Luggage Shoulder Strap Bag,neg,1
484,B0002NZRC6,Port Authority Seattle Slicker (J771) Available in 4 Colors,neg,1
485,B0002NZCEO,Port Authority Ladies Pique Sport Shirt (L420) Available in 24 Colors,neg,1
486,B0002NZ00A,Three Rivers Long Sleeve Denim Shirt (TR101) Large Light Denim,neg,1
487,B0002NWZ4Y,Ray-Ban Sunglasses - Aviator Outdoorsman RB 3030 - Frame: Gold Lens: G-15 XLT (58mm),neg,1
488,B00004SRAB,Lewis N Clark 455 Inflatable Backrest,neg,1
489,B00004TVLT,"Paper Magic Group Spooky Home Decor, Rotating Light, Spooky Shadows",neg,1
490,B0002MK2JA,Adult Argyle Knee High Riding Socks Lilac/Pur/Pink (10039-104),neg,1
491,B00004U3LE,Wizard Of Oz Glinda Costume,neg,1
492,B00023JWX6,Steampunk Style Copper Magnifying Glass Pendant Necklace,neg,1
493,B00008IPCG,Berkshire Shimmers Opaque Control Top Tights,neg,1
494,B000086Q9O,Converse First Star Crib Shoe,neg,1
495,B0000AZW4L,14k White Gold Plain Cross on 18&quot; White Gold Chain,neg,1
496,B00015VKEY,Blomdahl Imitation Black Diamond Medical Plastic Earrings,neg,1
497,B00015VKDU,Blomdahl Imitation Alexandrite Medical Plastic Earrings,neg,1
498,B00015VKH6,Blomdahl Rose Medical Plastic Earrings,neg,1
499,B0000AZW4K,14k Yellow Gold Plain Cross on 18&quot; Yellow Gold Chain,neg,1
500,B00015VKF8,Blomdahl Imitation Amethyst Medical Plastic Earrings,neg,1
501,B00015CELM,Waterford Crystal Heart Ring Holder,neg,1
502,B0000B10DM,Sterling Silver Open-Center Button Earrings,neg,1
503,B00014RKQ2,PalmBeach Jewelry 6.55 TCW Marquise-Cut Cubic Zirconia Sterling Silver Engagement Anniversary Ring,neg,1
504,B0001477C4,Chantelle Amazone Full Figure Underwire Bra,neg,1
505,B0000B35DA,"Duragold 14k Gold Hoop Earrings, (1.4&quot; Diameter)",neg,1
506,B000140BO0,Bosca Old Leather 6 Hook Keyfree Key Case,neg,1
507,B000140BMC,Bosca Nappa Vitello Small Wallet/Card Case,neg,1
508,B00013UP8I,Swatch - SFK119,neg,1
509,B0000B35FY,14k Yellow and White Gold &quot;X&quot; Earrings,neg,1
510,B00013AVFU,The North Face Jester Backpack,neg,1
511,B00012PW0K,14Kt Tricolor Distinctive Pellet Necklace,neg,1
512,B00012PXFO,14Kt Yellow Gold Accustomed Figaro Chain,neg,1
513,B00012MCW6,Rocky Mountain Inspiration RLR Jean in Medium Stone 10W X 36L,neg,1
514,B00011TLH6,Hartmann Luggage 501-3020 Intensity Mobile Tote,neg,1
515,B00011SUTQ,Hartmann Capital Leather Weekend Wallet,neg,1
516,B00011KKYE,Authentic Military Style Camouflage Shirts,neg,1
517,B0000ZHPF8,Minor League Baseball Mrytle Beach Pelicans V Neck Adult Jersey (Adult X-Large),neg,1
518,B0000ZH2S8,Luminox 3100 Steel/Carbon Fiber Navy SEAL Dive Series Yellow Mens Watch 3105,neg,1
519,B0000ZCAG2,Champion Jogbra Action-Shape Sports Bra Womens - Black 36/38 D/DD Bra Size,neg,1
520,B0000ZEB9G,Elita Les Essentiels Spaghetti Strap Crossover Camisole Bra,neg,1
521,B0000AZW5C,14k White Gold Cross w/ .05ctw Diamond Accented Inner Cross on 18&quot; White Gold Chain,neg,1
522,B00018A9XO,"Shakespeare - Olive, XL",neg,1
523,B0000BUXB5,14k Yellow Gold Diamond-Cut Heart Toe Ring,neg,1
524,B00018MN5Q,Irish Penny &Ograve;Harp&Oacute; Two Tone Coin Cuff Links - 1 Pair,neg,1
525,B0001KBT4A,Spa Wrap White Terry Fabric One Size Robe Adjustable Body Wrap Robe,neg,1
526,B0000AWKA9,"30&quot; Inseam Guide Gear Flannel-lined Denim Jeans, DENIM, 34",neg,1
527,B0000AWKMR,Itasca Saratoga Hiking Boot Mens,neg,1
528,B0000AWRP2,"Platinum 4mm Comfort Fit Plain Wedding Band, Size 10.5",neg,1
529,B0001HX1QM,New York Jets Touchdown T-Shirt - XX-Large,neg,1
530,B0000AX1MB,"Bimini Bay Whitewater Hat Khaki, KHAKI, M/L",neg,1
531,B0000AWYDW,"14k White Gold 6mm Half Round Plain Wedding Band, Size 8",neg,1
532,B0001FF824,Travel Accessories Dopp Kit Ambassador by Buxton Black,neg,1
533,B0000AX6CM,Portable Scrusher Boot &amp; Shoe Brush [Misc.],neg,1
534,B0001FF982,Samsonite Business Carry On Rolling Laptop Bag Black,neg,1
535,B0000AX6DH,Replacement Brushes for Scrushers,neg,1
536,B0001FF99G,Samsonite Business Smart Strap Rolling Laptop Bag Black,neg,1
537,B0001F35NI,"Eagle Creek Vagabond Messenger Bag Sangria, One Size",neg,1
538,B0000AWXZZ,"14k White Gold 5mm Half Round Plain Wedding Band, Size 5",neg,1
539,B0001EKZ14,Leather Catch-all Bag - Black,neg,1
540,B0001EKZ1Y,All-purpose Leather Backpack - Black,neg,1
541,B0000AZ0ZR,14k Yellow Gold 6mm Round-Shaped Peridot Stud Earrings,neg,1
542,B0001DYT94,Floto Luggage Milano Duffle Bag,neg,1
543,B0001D0GXC,Farr West 19 Inch Strapless Slip with Shelf Bra (28719) S/Black,neg,1
544,B0001CNJ9Q,"Timberland Crib Bootie and Hat (Infant/Toddler),Wheat,2 M US Infant",neg,1
545,B0001AREYY,"The Happy Company Happy Toes Microwaveable Therapeutic Slippers, Blue, Medium",neg,1
546,B0001ANRQI,WOMENS FOSSIL LEATHER DIAMOND RARE WATCH SALE ES9351,neg,1
547,B00019FWE4,Nike Oregon Series Digital Super Watch WA0024-001,neg,1
548,B00018WWD4,Cincinnati Reds Jersey - Blank Home Replica Jersey by Majestic (Adult XX-Large),neg,1
549,B0000AZ10I,14k Yellow Gold 7x5mm Oval-Shaped Garnet Stud Earrings,neg,1
550,B0000B35GD,"Duragold 14k White Gold Hoop Earrings, (1.18&quot; Diameter)",neg,1
551,B0000ZESGM,Elita Les Essentials Cotton Bikini Thong (1100),neg,1
552,B0001MADWM,Le Mystere Tisha T-Shirt / Sweater Bra Style LY955,neg,1
553,B0000TFMVI,Caravelle Mens Chronograph Stainless Steel Watch 45A01,neg,1
554,B0000TIJQI,Timex Ironman T53422 Triathlon 30-Lap Traditional Midsize Watch,neg,1
555,B0000SX1XU,"14k Yellow Gold 4x3mm Oval Sapphire and Diamond (H-SI2 0.06ctw) Ring, Size 5",neg,1
556,B0000E5J6W,"Seamless Microfiber Nursing Bra - White, 40 D - NB210",neg,1
557,B0000E3BT9,I-TOP CLASSIC,neg,1
558,B0000E2VUQ,"NFL End Zone Cuffed Knit Hat - K010Z, Green Bay Packers, One Size Fits All",neg,1
559,B0000E2PC4,Angel Sales ASI7700 Acu Slim Magnetic Earrings,neg,1
560,B0000E1VWF,Neatnix Stax Jewerly Necklace Organizer in Burgundy,neg,1
561,B0000E1VVX,Earring File (Clear) (5&quot;W x 5&quot;D x 7 1/4&quot;H),neg,1
562,B0000C1GU7,Champro Elastic Baseball Belt with 1.5-Inch Synthetic Tab,neg,1
563,B0000C2KZ5,Canyon Ridge Big &amp; Tall Pilot Sport Shirt,neg,1
564,B0000DYNJ3,Akona Duffel Gear Bags,neg,1
565,B0000DYNCP,"Smartwool Trekking Heavy, Crew beige",neg,1
566,B0000DIU5N,ECKO ID ICED RHINO,neg,1
567,B0000DIOEI,Harbor Bay&reg; Short Sleeve Crewneck Sweatshirt BLACK 1X / 2X,neg,1
568,B0000DH579,LogoArt Jacksonvile Jaguars Sterling Silver Pendant - Jacksonville Jaguars One Size,neg,1
569,B0000DDQD7,ADIDAS Pro Model 2G Mens SZ 16 Uni.Red/R.White Basketball Shoes,neg,1
570,B0000C30FY,Sheeting Beach Shorts,neg,1
571,B0000DC81B,"Traveler Lower Crown Fedora Packable Hats (OLIVE, X-LARGE)",neg,1
572,B0000C3GDS,Harbor Bay Big &amp; Tall Loose-Fit Denim Jeans,neg,1
573,B0000CCXWJ,"Sure Foot 10370200005 Get-A-Grip Traction Cleat, Medium",neg,1
574,B0000CC55M,Youth M A1 Jacket W/Patches,neg,1
575,B0000C31G1,Durabelt Big &amp; Tall Leather Belt,neg,1
576,B0000C8AKV,Sidi Winter Freeze 3 LORICA Road Bike Shoe (44),neg,1
577,B0000C7CCX,Shaolin Monk Robe,neg,1
578,B0000C6BPC,Zina Sterling Silver &quot;Signature Swirl&quot; Snap Hoop Earrings Silver,neg,1
579,B0000C124D,SPANX Style #009 All The Way Super Control Pantyhose,neg,1
580,B0000TIJFO,Timex Radio Controlled Mens Watch Watch T50041,neg,1
581,B0000ZC86E,Bike CPS Compression Performance Short 7625 XL/Black,neg,1
582,B0000C0SCY,Voguestrap TX1951 Allstrap 19mm Black Regular-Length Fits Casio and Other Sport Watchband,neg,1
583,B0000YUR7W,Forzieri DiFulco Line Gold Screw Stainless Steel Link Bracelet,neg,1
584,B0000YXWAG,Floto Luggage Positano Duffle,neg,1
585,B0000YXWA6,Floto Luggage Trastevere Duffle Travel Bag,neg,1
586,B0000YXU7G,Fighter Command Gold Automatic,neg,1
587,B0000BVF20,"Certified Platinum, Princess-Cut, Diamond 4-Prong Stud Earrings (2 cttw, G-H Color, VS2 Clarity)",neg,1
588,B0000WVVLU,Bulova Unisex 97C24 Gold Tone Stainless Steel Pocket Watch,neg,1
589,B0000W2GFU,Lace Suspander Hose by Leg Avenue,neg,1
590,B0000BVF1Z,"IGI-Certified Platinum Princess-Cut Diamond Stud Earrings (1 1/2 cttw, G-H Color, VS2 Clarity)",neg,1
591,B0000VDWHM,Dexter Ricky White Mens Bowling Shoes,neg,1
592,B0000BXG2P,Sterling Silver Floating Heart Pendant on 18&quot; Sterling Silver Chain,neg,1
593,B0000VAP72,"NFL End Zone Cuffed Knit Hat - K010Z, Oakland Raiders, One Size Fits All",neg,1
594,B0000V9DWU,Freestyle - 7210335 (Size: men),neg,1
595,B0000BYA41,"Sterling Silver Narrow Cross Pendant, 18&quot;",neg,1
596,B0000UTAM4,Wigwam Ultimax Triathlete Sock 3pk,neg,1
597,B0000UQVFS,Pro-Tech Athletics Unisex Toe Flexor 1Pr Size: S/M,neg,1
598,B0000UIWU0,Disney MC0064 Winnie the Pooh &amp; Eeyore Watch,neg,1
599,B0000BYA2F,Sterling Silver Love Knot Cuff Links,neg,1
600,B0000U3YAS,"Deluxe Jewelry Cleaner Care Kit. Diamonds And Pearls All Natural Jewelry Cleaner and Radiance 2000 All-Jewelry Precious Metals Tarnish Polish work together to Renew All Precious Jewelry. Image was taken after the included refill packet of Diamonds and Pearls Concentrate was poured into the original jar and filtered or distilled water was added. This plant based, natural cleaning solution safely cleans and protects all precious, semi-precious and costume gemstones. Radiance 2000 Tarnish Remover Polish is key to safe renewal of the original jeweler buffed finish on precious gold, silver, platinum, titanium and palladium jewelry.",neg,1
601,B0000TW3WO,Casio G2200-1V,neg,1
602,B0000BYA12,"Sterling Silver Pretzel Heart w/ Double Strand Black Cord, 16&quot;",neg,1
603,B0000C057W,18k Yellow Gold Textured Figure-Eight Earrings,neg,1
604,B0000C0SCT,Voguestrap TX1840 Allstrap 18mm Black Regular-Length Fits Casio and Other Sport Watchband,neg,1
605,B0000C0SD1,Voguestrap TX20G5 Allstrap 20mm Black Regular-Length Fits Casio and Other Sport Watchband,neg,1
606,B0000TSILE,DryGuy Air Plus&nbsp;Boot Dryer,neg,1
607,B0000TQIG6,Boot Shapers - Set of 2 Black by Austin Abbott,neg,1
608,B0000AWRAA,"Platinum 2.5mm Comfort Fit Plain Wedding Band, Size 5.5",neg,1
609,B0001M7OGU,Drip Free Safety Umbrella for Children,neg,1
610,B00023K9H4,Victorian Filigree Blue Lapis Sterling Silver Bracelet,neg,1
611,B00023JSDA,Sterling Silver Goddess Celtic Knot Garnet Necklace,neg,1
612,B00023JRP4,Sterling Silver Mother of Pearl MOP Teardrop Pendant,neg,1
613,B00008OLDT,Polo Sport Velcro-Strap Slide Sandal,neg,1
614,B00023JQ6E,Sterling Silver 3mm Shiny Omega Chain 16&quot; Collar Necklace,neg,1
615,B00023JR7M,"Sterling Silver Celtic Knot DRAGON Ring(Sizes 4,5,6,7,8,9,10,11,12,13)",neg,1
616,B00008WICM,Hanes Absolutely Ultra Sheer Control Top RT 1 Pair Pack #706,neg,1
617,B000090M10,Fontanelli Red Mouth Coin Holder,neg,1
618,B00023JQIM,2mm Sterling Silver 18&quot; Bead or Ball Chain Necklace,neg,1
619,B00023JPYM,Good Fortune Magical Talisman Amulet Pendant Necklace,neg,1
620,B000099Q4V,Bosca Old Leather Deluxe Front Pocket Wallet,neg,1
621,B00023JJL6,Adult Aladdin Costume,neg,1
622,B00023JON4,Italian 2mm Sterling Silver 24&quot; Snake Chain Necklace,neg,1
623,B00023JP8I,Large Sterling Silver Filigree DRAGONFLY CUFF Bracelet,neg,1
624,B00023JOAW,Sterling Silver Jewish Star of David Charm Pendant,neg,1
625,B00009I352,"Trager 740B Cross Country Laptop Backpacks,Hunter",neg,1
626,B00023JJIE,Debonair Vampire - Size: 3T-4T,neg,1
627,B00023JO9I,Tiny CZ Ear Huggers Sterling Silver Huggie Hoop Earrings,neg,1
628,B00009MFB9,Mansilk Silk Knit Thong Underwear,neg,1
629,B00023DSE0,AmeriLeather Leather Double Wine Case Holder,neg,1
630,B00009PM44,Fashion Forms 2 Hook Soft Back Bra Extenders 6-Pack Accessory,neg,1
631,B00023DIWC,Ultra-lite &quot;Cool Shade&quot; Visor,neg,1
632,B00023DDRM,"Jobst UltraSheer Pantyhose, 15-20 mm/Hg Compression, Silky Beige Color - Xtra Large",neg,1
633,B00023DIWM,"Ultra-lite &quot;Cool Shade&quot; Visor,white,one size",neg,1
634,B00009PS2K,Big Bad Wolf Mask Adult,neg,1
635,B000237CLU,Camouflage T-Shirts,neg,1
636,B00009R8DC,Domke PhoTOGS Vest XX-Large (Khaki),neg,1
637,B00023JSKI,Sterling Silver Celtic Knotwork Chain and Bar Cufflinks,neg,1
638,B00023JUN8,Vintage Style Sterling Silver Marcasite Choker Necklace,neg,1
639,B00009X44V,Girls Washable Swim Diaper in Purple Mermaid Print: 9-12 Months,neg,1
640,B00023JUM4,Sterling Silver Egyptian ANKH Latching Bangle Bracelet,neg,1
641,B00023K9C4,Sterling Silver Celtic FILIGREE CROSS Pendant or Charm,neg,1
642,B00008DHC2,RIPS Drawstring Brief Underwear,neg,1
643,B00023K3E8,Traditional Sun Cross Sterling Silver Scottish or Irish Celtic Knot Hook Earrings - Small Size,neg,1
644,B00008E27B,Nancy Ganz The Belly Band Thong Shapewear,neg,1
645,B00023K1UY,Large Sterling Silver Gothic Biker Scorpion Slide Pendant,neg,1
646,B00008E30D,Elita Silk Magic Crossover Mini Camisole Wire-free Bra,neg,1
647,B00008IQ1G,Hanes Too Sheer Non-Control Top Reinforced Toe Pantyhose Hosiery (E/F Pearl),neg,1
648,B00023K5GY,Sterling Silver 16&quot; Black Rubber Cord Chain Necklace,neg,1
649,B0000C6AZ2,Kipling Hiker Expandable Backpack,neg,1
650,B00008KFQJ,Olga Simply Perfect Lace Hidden Underwire Bra,neg,1
651,B00008KI66,"Classic Boxer Brief - 3 Pack, white, 2XL",neg,1
652,B00023K30M,Sterling Silver Fancy Filigree CELTIC Cross Earrings,neg,1
653,B00023JXQW,Japanese WHEEL OF LAW Talisman Amulet Pendant Necklace,neg,1
654,B00023JXSK,Silver-Tone Pewter Egyptian Ankh with Blue Crystal Pendant Necklace,neg,1
655,B00023JWHW,Huge Sterling Silver Near 2&quot; Large Oval Locket Pendant,neg,1
656,B00023JV6Y,"Sterling Silver Antiqued Style Ornate Spoon Ring(Sizes 6,7,8,9)",neg,1
657,B00023JX9E,Tango Sterling Silver Gothic Spooky Skull with a Rose in his Teeth Charm Pendant,neg,1
658,B00023JXTE,Sterling Silver Blue Topaz Drop Celtic Knot 17&quot; Necklace,neg,1
659,B00023JY1Q,Sterling Silver Venetian Glass Millefiori Heart Pendant,neg,1
660,B00023JXRG,Buddhist Dharma Wheel Talisman Amulet Pendant Necklace,neg,1
661,B00023JUOC,Sterling Silver CELTIC Sun Knot CROSS 7&quot; Link Bracelet,neg,1
662,B00023JXA8,Sterling Silver Pagan Wiccan Protection Knot Pendant,neg,1
663,B00023JU2E,Spinning Reversible Celtic Knot Green Malachite &amp; Black Onyx Sterling Silver Pendant,neg,1
664,B00023JVGY,Sterling Silver Sperm WHALE Amethyst Earrings,neg,1
665,B00023JUNI,Sterling Silver Teardrop Red GARNET Marcasite Earrings,neg,1
666,B00022TQUQ,Sterling Silver ROSE Quartz Heart &amp; Blue TOPAZ Pendant,neg,1
667,B00022NDLE,1/7CTW Three Stone Diamond Drop Pendant 10K White Gold,neg,1
668,B0000AS4UE,"14k Yellow Gold 1.1mm Italian Box Chain Necklace, 18&quot;",neg,1
669,B0000AOXL5,"Freshwater Cultured Pearl 6.5-7.0mm Bracelet, 7&quot;",neg,1
670,B0000AQQX6,Sure Grip Safety Treads,neg,1
671,B0000AS4OT,"14k Yellow Gold 1.5mm Diamond-Cut Rope Anklet, 9&quot;",neg,1
672,B0001WCCQM,"LOOSEGEAR,TAC T-SHIRT, BLK 2XR",neg,1
673,B0001WCE7O,BUDGET JUNGLE BOOTS OD 13R,neg,1
674,B0000AS4XV,"14k Yellow Gold 1.5mm Italian Round Wheat Chain Necklace, 20&quot;",neg,1
675,B0001W13Q2,5.11 TAC TROUSERS KHK 36X30,neg,1
676,B0001VRWWC,USMC KHAKI SUN HELMET AUTHENTIC ISSUE,neg,1
677,B0000AS4W3,"14k Yellow Gold .9mm Italian Octagonal Snake Chain Necklace, 16&quot;",neg,1
678,B0001VJ48W,The Body Wrap Underwire Long Leg Queen Bodysuit Shapewear,neg,1
679,B0001TP0SM,"i read your e-mail Babydoll tee - Black, L",neg,1
680,B0001TPCVM,"SQL query - Users: Black, XXXL",neg,1
681,B0001TPI2A,"will work for bandwidth - Ash Grey, XL",neg,1
682,B0001TOLHI,"2+2=5 - Black, XXXL",neg,1
683,B0001SU5ZG,SECURITY T-Shirt - Authentic Military Style Physical Training T-Shirt,neg,1
684,B0001O3V9W,Robe di Firenze Red Calf Leather Key Holder,neg,1
685,B0001O2SMS,Western Pack FNGS Fanny Pack (Green),neg,1
686,B0000AS50U,"14k Yellow Gold 1.5mm Italian Rolo Chain Necklace, 18&quot;",neg,1
687,B0001NLS6Q,Kipling Brownie Large Organizer Wallet,neg,1
688,B0001NLSFW,Kipling New Money Deluxe Wallet,neg,1
689,B0001NE51Q,Disney Princess CD Jewelry Box,neg,1
690,B0001N6KWI,Western Pack Take-It-Easy Fanny Pack (Black),neg,1
691,B0001N6L0Y,Western Pack Roman Holiday Fanny Pack (Navy),neg,1
692,B0001MLLTG,Sheepskin Low-top Travel Slippers (#925-01),neg,1
693,B0000AS6JX,Seirus Boot Toasters Boot Dryer,neg,1
694,B0001MLLF0,Genuine Shearling House Slippers (#261-01),neg,1
695,B0000APKUN,"Signature Merino Wool Sweater Vest (BRIGHT RED, XX-LARGE)",neg,1
696,B0001XVN8Y,"Hungry Hip Scarves, Economy Midnight Black w/ Silver Coins",neg,1
697,B00009XOAO,PalmBeach Jewelry Heart Locket Bracelet in Yellow Gold Tone 8&quot;,neg,1
698,B0001XPC9A,Champion Sports Big Digit Display Stopwatch,neg,1
699,B00022F0QU,Adult Red Riding Hood Costume,neg,1
700,B000226SCU,Zeno Pilot Classic Tri-Compax Moonphase Chronograph Ref. 6665 BVDD-L,neg,1
701,B00021LLU0,Green Bay Packers Foam Cheese Earrings,neg,1
702,B00020Q700,"Digital Mil.-style Boonie Cap Woodland, 6 3/4",neg,1
703,B00020J1LC,Timex Triathlon Digital Heart Rate Monitor Watch,neg,1
704,B0000ACNBB,XO Athletic Pro Cup with Supporter,neg,1
705,B00020C1HI,Rothco Genuine USN Wool Watch Cap,neg,1
706,B000209ZPO,Casio PRG60L-2V Protrek Triple Sensor Pathfinder Watch,neg,1
707,B0000AEPKU,ASICS All Sport Extra Long Knee High Socks - COLOR: White/Black,neg,1
708,B0001ZSYV6,Royce Leather Passport Ticket Holder,neg,1
709,B0000AE7IZ,Easton Youth Ultra-Lite Z-Bladz Sunglasses,neg,1
710,B0000AKON2,"Futuro. Anti-Embolism Stockings, Medium Regular, White, Knee Length, Closed Toe, 1 Pair",neg,1
711,B0001ZVH4C,Two-tone Saturn Bead Ankle Bracelet - JewelryWeb,neg,1
712,B0000AOE9O,Darth Maul Deluxe Latex Mask,neg,1
713,B0000AOXKY,"Freshwater Cultured Pearl 5.5-6.0mm Bracelet, 7&quot;",neg,1
714,B0001ZJ8GG,Mardi Gras Feather Masks - 12 pack,neg,1
715,B0001ZLBFW,"Thermals / Thermal Underwear, Undershirts and Bottoms",neg,1
716,B0001ZI40C,Nike Pro Triax Watch Unisex Watch WT0004-007,neg,1
717,B0001Z99UG,"HUMVEE HMV-VS-BK-XL X-Large Cotton Safari Vest with Extra Pockets, Black",neg,1
718,B0001YRVWK,DICKIES 30&quot;ZIPPER POCKET BIBS,neg,1
719,B0001YOL9G,New Tag Heuer Sel Mens Watch WG1125.BB0424,neg,1
720,B0001YJ100,Smoky Mountain Children Mesquite Western Boot,neg,1
721,B0001YJ1NM,Black Mesquite Cowboy Boot with Toe Tip 4.5Infant,neg,1
722,B0001YF4I8,Casio Ladies Sheen Analog Digital Watch Model SHN-112-1CM,neg,1
723,B0001YF4CO,Casio Core Watch,neg,1
724,B0001I56QE,Leather Suspenders Golden Russet Brown with Black Trim,neg,1
